current_soc,target_soc,battery_temp,charger_power_kw,battery_capacity_kwh,charging_time_minutes
33.090508913552185,96.9487477919953,36.95981825434215,60.0,75.0,83.30972974248294
9.35627091261496,88.53882608331884,33.03345035229626,30.0,75.0,177.19384411763625
20.92543330087071,39.39403896182008,20.502135295603015,50.0,40.5,9.795183983793473
26.842185514853142,73.54474160554118,19.184815819561255,50.0,60.0,49.359749330493614
63.88819710447602,75.1004084583907,30.42703315240835,7.2,50.0,58.8012801008266
38.787443897715725,44.533101271109345,43.266052670545584,120.0,40.5,5.0
22.317036921661174,44.83548196976919,35.49790556476375,50.0,75.0,20.82069471376443
34.32954556799306,50.38589182800591,37.66084230952957,120.0,40.5,5.0
68.17135809462489,85.23765068426465,26.854507080054432,50.0,60.0,18.62862114751357
34.15079672671115,55.66216911913106,39.86212527455788,22.0,30.0,19.902946417749796
15.569316873107198,84.28837105673145,17.236519310393124,7.2,30.0,283.0363694091698
66.15960713411256,91.54565063081552,36.87021504122962,7.2,50.0,190.38320063199458
13.690179464384729,88.86896412600396,33.69894380482674,22.0,30.0,92.92163751948301
29.388749152006028,82.25912313919098,34.12672414065639,30.0,50.0,75.09005483416318
58.493359041724624,91.26706565800578,31.83831592708489,120.0,50.0,14.300685124237527
6.906434505807139,21.410974995903732,15.942875570602027,7.2,60.0,93.8012086862338
15.449859080440676,68.53134677622177,31.195232739050194,60.0,60.0,34.26313071314752
57.10886997797784,95.47079134631385,33.7306214440138,120.0,30.0,10.459845826483912
21.38303279126252,57.04523196574822,41.49840776756605,22.0,60.0,82.31292020435566
25.409918703847648,75.48272684703576,15.015611309859475,60.0,30.0,21.338661987031077
45.05670645315815,74.27071203304678,35.77308098670811,22.0,60.0,59.39703603130735
21.40731646798027,67.47954048102909,27.115085131741225,120.0,30.0,7.53858456479039
57.222820462984124,89.13039441749598,19.442607898601995,7.2,50.0,225.64373333050912
8.860906343749201,37.863260223609814,42.24797657899961,30.0,40.5,30.810361785766823
46.4669816803496,80.23234263838498,17.425599789981458,30.0,30.0,33.44883059389029
52.42293729451846,84.39677151537066,31.073240522242756,7.2,30.0,116.08374597068949
8.058135616607293,64.4314697483832,35.32693085526847,30.0,40.5,48.56174361175789
53.38795928070874,65.64370222454185,35.72813214307398,22.0,30.0,11.224665225101663
20.680371555328527,65.92058379231342,35.87353198035247,50.0,40.5,23.330600138960403
24.562188112280676,99.73611880827376,43.96258053866381,60.0,75.0,110.97445699030786
25.91535144441364,79.29932599123565,40.399834267149174,50.0,30.0,27.363344965817323
17.122153557096034,92.0996186718361,33.192871789787695,30.0,30.0,73.33433360008868
17.060603856312397,64.82858404318158,35.756855930780794,60.0,30.0,15.264449660241185
42.04202863875759,56.5121165524405,25.994063537485797,30.0,30.0,9.794227156685299
43.161055762907,81.14786687328902,22.513854558167523,120.0,75.0,22.34590867080223
37.57957741328215,62.68122752159573,34.353100860916946,7.2,75.0,177.22564007299343
47.90031494068873,89.09896696558529,16.308113152633013,50.0,60.0,49.50210946344588
71.26205166996942,94.01136129014004,43.5921554107186,60.0,30.0,14.523908718764671
78.52486877870342,84.7662082334378,24.170910578615455,7.2,50.0,40.16899878478117
75.21160806205857,93.98491847914862,32.10183510268095,22.0,40.5,36.42240250696888
29.19130731789504,90.04115704067797,19.098639943260864,120.0,75.0,46.67186708454989
24.215520769584355,72.50120033547051,17.447825412007212,7.2,60.0,349.947838235879
57.64751579432775,92.37234891042948,41.70016025452699,50.0,40.5,37.42819051360562
7.695670534755656,53.34439330815677,31.2793390412273,60.0,40.5,19.144373765409114
7.91260508220674,39.32320872350152,31.112472815899665,60.0,30.0,9.812276606961094
77.39388727930773,90.4445492579246,40.26069225035944,50.0,50.0,16.865586144437923
78.18890595969009,91.86847966802624,24.688694188237378,7.2,50.0,95.68982079275523
6.901305756159314,96.70937410518779,40.079403615366175,7.2,60.0,918.6562694981382
16.732778200331452,41.318594614771705,31.476799941183614,7.2,75.0,182.90516177059578
60.34226875218264,84.5549225202612,33.35162238703057,30.0,60.0,41.14659263133134
14.012348585423164,46.7003798591828,17.753971974403257,7.2,60.0,200.19284226837348
62.252331725293324,93.67685022430825,25.389129632682025,120.0,75.0,21.29829069174017
52.63202381507328,59.551463022176954,26.238378438794136,22.0,50.0,10.882264028102629
54.40202237142088,66.01683059699812,17.117062422012896,22.0,30.0,11.888014587339791
65.07119710117998,90.33803494968092,32.201011250158,7.2,30.0,113.02421391632944
51.94547525761796,92.26856310208242,34.54454315573364,30.0,60.0,83.94240741567978
33.29443124209819,40.69867348189054,33.547616530136786,7.2,40.5,29.24792403270729
6.74539518018694,83.62598924926627,23.455643243201997,50.0,40.5,55.617545510855265
70.81040101452898,93.59147478997657,39.10442791154546,7.2,60.0,213.51039562889176
65.5126054450448,99.72002137593059,27.378530307342793,22.0,30.0,47.26138551365438
74.80679942026735,97.14090029843355,27.86982082125055,60.0,30.0,11.913314200530106
45.07456051479225,74.86559619094295,26.688542586576105,60.0,50.0,18.46000100214896
76.89061226623987,97.23185592866353,25.64715571388162,50.0,60.0,26.122559623155784
38.63341414837398,60.16070428391445,24.85993636109748,30.0,75.0,36.16215594047109
64.22136070959154,72.028560456411,29.832609141077445,120.0,40.5,5.0
31.3186259414059,43.77361440445585,19.289750461585076,22.0,40.5,16.394091475709754
11.308010458624807,74.97351167752834,17.182890190925807,22.0,50.0,117.766659860115
11.362828556389394,98.88257213654391,26.22812387268361,7.2,60.0,831.8387535628796
49.391655411596325,70.3645298882508,36.24543586749599,30.0,75.0,41.40168388300747
23.654311582271596,52.21640561683501,28.033555334648142,60.0,75.0,24.048162732424238
60.573039568300125,91.98522641967271,39.683710556300795,7.2,50.0,242.95386268539593
33.115293464277805,55.79650207753969,41.05797384568381,120.0,75.0,10.148126710264536
77.74091200307292,83.48581272136754,41.73429341094213,120.0,75.0,5.0
46.539071330099056,98.51237236829033,30.692935325104465,7.2,30.0,224.20863053776964
52.06685600630476,82.15330649767618,42.03474031472967,7.2,50.0,241.58070651444623
71.76978379181872,87.35478867574864,33.6039779340461,22.0,60.0,36.968200942263785
22.204605927871224,46.563661974367214,25.810352856158048,50.0,50.0,15.924776070266613
28.214571221474582,87.5642205504317,35.54193517661638,60.0,75.0,66.65362787526713
76.2349934968943,94.85312479123255,33.402455878073695,22.0,40.5,36.62477372165343
8.391400257964206,15.67500699860517,26.29390100634149,7.2,40.5,24.85317397721737
49.559803651410135,71.86755896410635,44.0974319344381,30.0,30.0,19.716370009482787
36.11146267532489,57.212005235546414,16.691264899527813,120.0,60.0,8.31907734744981
79.7477627805429,93.21933891360183,38.06962245541531,60.0,40.5,9.044366346103983
38.790810148257016,51.05075623564748,43.62153081776167,60.0,60.0,10.193351736059704
51.35961803434219,71.98997585515355,18.40672776598887,22.0,40.5,34.346877113043575
44.012262583399504,92.46306915292588,31.557205163234567,60.0,50.0,41.1035608676744
7.158700723500423,78.49093839396136,33.60928654060394,22.0,50.0,120.67721503769054
6.0908499250911445,42.26129180542281,32.697530605638995,120.0,50.0,10.644200781768518
46.058473017433364,73.12671884636983,42.31413835209819,120.0,40.5,8.55617856550706
16.030511069677846,94.20266227784198,29.763488792386145,50.0,60.0,105.8379377867756
41.94635704946522,64.38782760107203,34.00202562950177,30.0,50.0,24.55277280436919
48.85745794618653,72.32834008989128,35.93002721090795,50.0,60.0,22.836743286537693
40.54712301971543,81.8975624326379,20.169596136048895,22.0,50.0,83.76610677399285
25.894275427396895,43.126713200288854,17.661076012711668,7.2,75.0,131.95823792444187
32.32023957860566,68.87431350778027,35.71184485888096,7.2,40.5,134.82858934201397
11.131927396165393,89.39728286791053,42.626172015954396,60.0,30.0,44.47332865579588
61.11947677877438,72.37114545988234,21.28047970010131,120.0,40.5,5.0
59.038704604359864,66.2805807569933,19.4321727571868,30.0,50.0,8.896149053795869
44.908511394898674,55.276916979710855,28.42237100470364,30.0,50.0,11.35526250079776
33.2963122328467,39.534779153636315,24.66237496749535,120.0,40.5,5.0
30.71951482086952,66.18653261634972,25.653129098379143,7.2,75.0,247.63561146020575
60.26168565461846,84.63671181291015,32.59606303982277,50.0,50.0,21.556261793069634
72.47355478587592,91.15961421542707,22.330594663939635,30.0,75.0,53.00773195761366
5.565077235055606,30.717698594884407,25.96070459022173,50.0,50.0,17.945284794616526
9.17401170177315,86.46644623870712,16.549064336235386,60.0,60.0,80.00791829003668
48.1998813354245,96.13410489018837,15.159000191928163,120.0,30.0,15.024747491979552
66.56461048650144,91.99422283154396,31.051101961347317,22.0,50.0,57.21528164946352
77.59955498781757,94.9704445020912,20.985207820149594,50.0,30.0,11.302485208265617
62.58346260821291,70.41310797881744,30.18311869078041,50.0,75.0,8.403461612607735
30.245320864544045,43.94930014082329,16.90124911418303,50.0,40.5,8.923255195361232
24.09804910728229,77.41792165165675,37.8068357966906,30.0,50.0,72.32167819454516
67.29645558407968,99.03112146628779,18.72891670456634,30.0,30.0,39.05681724698481
74.48370676922833,94.28819319875494,16.44283931892263,60.0,50.0,18.849402139192627
17.27419571492784,35.04188697564341,39.43724160694146,30.0,40.5,14.973109408599418
49.123000684629254,85.45616834042754,28.558458038971178,120.0,50.0,13.452433714654434
37.90585065412543,75.87693805043195,25.660873554551877,22.0,75.0,96.69184862883759
13.767353053127305,95.11240413995034,33.83124159214253,22.0,60.0,232.63391241640755
45.00958189822411,94.69564586301792,38.65791633673592,120.0,30.0,12.944129626533027
60.79597194295077,66.94291628147454,32.0966905461395,22.0,75.0,13.159909424504184
66.59429785040096,74.73687001864337,40.39356875203555,50.0,75.0,11.099391990422149
35.671638281411994,86.4661316304048,15.366092169541336,30.0,50.0,88.90390539065211
49.92720235829949,92.19333861453326,43.772243836920836,120.0,40.5,16.676411044950772
48.967237401259794,77.25469085773874,33.343627063039435,50.0,50.0,20.92711609401884
57.24881179076692,97.07425955249205,36.217159029401955,22.0,30.0,57.920580100028516
36.80980034767895,84.66363745148254,43.03101044307044,120.0,50.0,20.41014962744774
78.86308992217509,97.40031290761252,18.739880436098005,7.2,30.0,91.3646549866957
49.34565768086969,72.5618637096152,16.64284916466094,7.2,40.5,104.32358516552914
30.012437876835815,60.88845058707637,31.121868088137685,30.0,40.5,27.60669858460133
73.88410437044759,91.28057571874203,15.98540010730315,30.0,50.0,36.464298321855495
17.413498807098037,25.042064313984994,24.344195133982723,60.0,50.0,5.0
54.76530290125329,66.92852610094025,43.832109524083656,7.2,60.0,76.80948424907986
79.76556888844605,92.41622417790349,32.861550519601316,60.0,50.0,12.03850397758724
20.385473036150536,39.61354711128468,16.096490035442848,120.0,50.0,6.561938638025184
38.99666260610207,73.36426778533153,28.222882408146845,22.0,50.0,58.800352687145896
69.63392157601379,98.63316058664148,26.199279488392587,22.0,50.0,68.13536177216601
6.903976674525865,25.660399534431143,36.479166865421924,60.0,30.0,5.985362874295577
19.70848247700896,62.76893781473094,32.851469391012614,7.2,75.0,311.432348747672
22.86370857850449,35.037041865952006,22.295165729983623,120.0,50.0,5.0
15.581138658328518,52.85635303942518,24.719701833203988,22.0,40.5,45.35904544056038
6.989915290536478,27.95806330208791,32.49124682909076,50.0,40.5,11.313602335117704
30.636301377340697,52.333753062367926,26.390772245018006,50.0,60.0,16.85340967540986
46.403538563898515,72.59774461828373,23.83397278625753,50.0,40.5,15.061928352366134
70.13509819234346,87.25502707480598,41.836566806822745,7.2,40.5,104.55056201174371
45.62256609956502,81.90209502639583,22.73663056299607,120.0,50.0,12.960715608657303
72.54292259272893,93.06574535466665,35.49551569336444,120.0,40.5,7.612403822092075
42.35680651332543,50.8931340886329,27.157442640830663,120.0,40.5,5.0
15.501390399533674,41.46388608314946,22.994951801126465,30.0,40.5,23.486293469192855
18.15284589675872,93.42280161909883,27.563115746762193,50.0,40.5,63.79772125600426
76.89703829849154,85.23469801441466,17.710108817328237,30.0,40.5,12.537591192997924
37.78950472679326,95.16649563405842,36.64598583365717,30.0,40.5,87.59766593870046
15.12509580659052,58.76497544653036,23.097336671765845,50.0,50.0,27.004756260290943
42.22746854009272,78.72437656117995,25.027316724508825,22.0,40.5,50.07635184130844
59.61415671527025,82.14753477948726,35.65207189283208,22.0,30.0,29.225970503943522
64.95619092267344,90.8275190597164,23.16435411689888,22.0,60.0,71.6878346240215
73.7985181596682,81.69927587851562,43.50712061462407,7.2,60.0,73.7083973276578
59.91686648071709,93.21355892260641,34.76350100132152,120.0,30.0,8.677629132901675
56.98814085926936,63.949393394232615,35.097523936501176,22.0,30.0,6.519467824949594
73.66162231910315,79.38597443091456,35.922608017405196,7.2,50.0,30.945300446950156
75.81998668350754,89.91542167386774,40.8612795296794,30.0,40.5,20.74326198750916
53.76255128324211,73.80173540488042,31.82031582010542,60.0,40.5,10.002073449922738
38.07741213111212,66.1017706823139,32.17283278300397,7.2,60.0,147.2789704629895
51.941853232775685,95.09041314882434,33.47589564546914,120.0,40.5,16.851777049817326
6.595205813779035,88.9230271617689,30.86811402081636,30.0,50.0,115.28307808502676
62.539121669834515,80.58615215363638,29.396268609117264,7.2,60.0,133.39898702443634
36.33250866255003,66.05246694361394,37.12746904766674,120.0,30.0,5.0
26.54292437405613,51.82731178469313,22.0082325314973,7.2,30.0,63.41237543281225
13.210069900933636,50.2414717204169,18.73312671890569,30.0,40.5,35.95037763654816
49.141567172993405,99.18970511271212,41.525969343945086,30.0,75.0,157.28828597908873
9.873980711217051,49.05890766316711,40.13477205849736,120.0,75.0,17.990792748577313
8.520901786085975,46.736711500280045,16.101958122798408,22.0,50.0,66.77069586493381
52.23334422471148,66.48479925384135,30.547811000291766,50.0,40.5,7.3906660407323335
43.64359432360444,73.86915930795794,44.890073274201725,30.0,50.0,45.48039490237992
45.273081717006015,79.75815740360316,32.402586235134336,22.0,50.0,56.032768018722486
14.713619096210312,91.06798596408272,43.6695449468926,50.0,40.5,78.06669143717214
46.31430279568545,55.54931384951677,27.25359639212096,120.0,50.0,5.0
11.078466193073595,34.55657821922199,35.49776290978788,60.0,75.0,18.83943418922994
41.0439932994986,78.00795169801673,39.740428977754476,22.0,50.0,63.84423087936726
44.09452341353112,93.28866289746713,22.358565967660038,30.0,50.0,87.5783992806528
22.901752347576313,94.959636777757,18.17502281485752,30.0,60.0,189.72813229730087
70.3882645808924,76.10809097266672,39.77450251694288,22.0,50.0,10.665648800491695
5.084008361008212,60.093640598602946,37.69907411354804,50.0,40.5,30.501892599926745
78.58896335205677,93.95767829859358,22.794107431924793,50.0,75.0,22.636319850343348
62.0770926876521,84.89716208867733,43.88976011576984,50.0,60.0,31.18929475114809
64.16052364030583,74.51898983446824,38.125623256229694,50.0,50.0,8.402834752311488
58.142900345197205,80.59746034516172,16.73761381676395,30.0,40.5,32.00809966788209
77.66583914642686,95.66042458203447,18.90258720391896,60.0,60.0,21.46322721002431
29.27076643621559,66.38890882767664,38.112222534233794,22.0,40.5,46.426881133316286
75.82277262183725,82.78256290330118,40.62629323384698,60.0,75.0,9.909269426583018
62.96170850126034,75.33223545858009,18.94005379228134,30.0,30.0,9.785350178319682
59.84525502302642,96.8193572557036,40.72080276277496,50.0,50.0,50.904850777098346
35.700050473628224,93.72008812337009,21.898638176732586,60.0,50.0,54.422601250984044
32.63947577928209,91.54130935378411,29.196297200746713,50.0,30.0,37.55313175681696
62.8191383483039,95.0049905380067,37.830719728289964,30.0,75.0,82.77417669562874
74.06358858617651,91.97403326944634,38.89611872928529,7.2,30.0,75.77677093364179
46.88095044373984,62.733727734915924,19.8247640723457,120.0,75.0,7.990412452022879
28.277146919268034,63.65073404584196,15.348616197243018,22.0,40.5,50.29504692538302
26.874693403197742,79.22054747479237,40.80367191567614,120.0,30.0,12.421927111086074
12.869763381363114,37.74897780651421,44.59987779801439,120.0,60.0,9.78460174170839
5.732813556438774,39.875096026064114,30.531349301541344,7.2,30.0,89.704682264223
10.893387286626556,49.27725955503755,18.98147262129181,22.0,40.5,50.4074978463761
17.56119366943023,30.658802405491794,34.0929074863091,30.0,50.0,15.905245328455816
8.89784627386043,60.50462654734918,36.27181558352749,22.0,60.0,88.91878682813802
66.11188353098842,73.42625054424589,41.844499681815826,50.0,40.5,5.268877379671537
8.056557956935457,27.315237327438478,28.15821649468615,22.0,60.0,34.000001909442204
70.38376749441512,80.77998997569709,44.27595767457394,50.0,75.0,17.836411664857202
54.40308316256571,79.62829323217979,31.660906528128937,22.0,50.0,47.539355581589255
78.10948716100873,94.09382151577748,20.986273527874353,30.0,75.0,41.316489788675234
24.326216638341027,62.0215312610656,41.04817516225142,22.0,75.0,100.7297532817213
60.15127239993145,91.9054730472362,30.145346456790534,22.0,30.0,46.32247060118285
7.204583431738047,46.929002527699225,33.185661406835145,22.0,60.0,70.14347904354409
49.426274644502165,96.0060711820604,21.319865670169996,60.0,40.5,33.90685684933315
14.867576384544485,77.22836568896808,42.27097561996923,22.0,60.0,157.3542389719613
35.97733809857728,45.057739163973466,28.114961664504797,120.0,60.0,5.0
48.456117450762555,84.29708443555131,17.857845238638788,7.2,50.0,256.6722864360392
69.34896904420293,74.58060822007339,32.65237900021816,50.0,60.0,5.0
22.703784750984795,33.017321416057875,20.09273715262622,22.0,75.0,24.603348295866436
37.31656427463545,56.663258031424796,33.5143495981209,7.2,30.0,52.61278377785575
7.750357020015723,77.00116992423386,34.91413582865415,60.0,30.0,26.594606316115506
48.901577329756414,93.92751381129024,21.175236301103048,60.0,60.0,45.902127447846375
44.8377146000774,96.81999664416935,16.18030622005529,30.0,75.0,148.93972786141236
43.04261065162943,50.202627875635585,19.450296028862667,60.0,40.5,5.0
76.38588390674292,93.28253662675588,41.03754883560066,30.0,40.5,29.51468926974609
14.430613385498662,30.123351638473725,19.306270861181787,22.0,40.5,20.62306051311946
19.12618128242011,79.5770043722371,19.68491534376522,120.0,75.0,30.798096253847515
54.622426277836006,99.13718323166718,26.22890301419378,120.0,40.5,16.963830819611438
69.84566269662776,94.17725801603248,18.39329457229719,7.2,60.0,234.37477611089574
54.41641026744929,75.40084171677258,34.53698931124476,22.0,60.0,45.50022216942939
28.858366521358963,91.1660353006946,44.80010812075886,60.0,30.0,39.946018955396276
13.183222382431229,71.40598920744426,37.95572593667354,50.0,50.0,44.616647931801666
64.83602366439759,82.97494846459816,39.53502648525065,120.0,30.0,5.0
50.73738541240209,80.6766654972765,26.41259112698393,60.0,30.0,13.343812195725562
38.331458956340114,44.16261968055601,32.61185123103453,120.0,40.5,5.0
45.67727487348037,97.60679033566286,40.415020841177224,50.0,75.0,91.54370370224065
16.174389197764604,62.68583168048293,22.38208976393995,50.0,50.0,31.301784339254166
58.85923071698708,98.39259215694617,15.546977480290849,30.0,75.0,112.52930154602892
74.527590859723,80.76140953154766,43.03308080416543,120.0,50.0,5.0
24.258242579038097,49.410652305433906,24.218698947788596,50.0,50.0,15.664445565419294
58.82268394314721,78.29018100248224,44.30175715987737,22.0,30.0,23.035024733722533
69.45618449604419,94.88564524110707,20.537553886110988,7.2,40.5,164.09630774823196
36.83955688972714,46.90178152168383,39.472459305128424,50.0,75.0,10.447803588794491
50.12088651097484,91.88535630213484,41.526193900452235,7.2,40.5,310.60106680898235
35.82713523550285,90.52413453096968,42.000693701940335,7.2,40.5,389.39649241064376
59.89685506892259,94.77574850924009,35.14274008591843,7.2,40.5,193.97420600048113
36.79586096849765,50.700151381490976,22.057067544059546,50.0,40.5,7.506726048975704
18.38344739208291,47.30863511585872,21.907385052836098,30.0,40.5,26.853500401790992
9.384096058141543,26.522238915773137,23.23620762000376,60.0,40.5,7.650911753669833
58.81983242436322,88.8722884147079,44.73767981106565,50.0,50.0,31.274761669286708
72.91435942472555,94.97822728346084,22.946863417102,60.0,30.0,11.441123602919687
32.52170594036005,58.986778310666,33.5146735018694,60.0,30.0,8.698617171324438
10.244870428207559,69.502411186508,23.134423095005545,22.0,50.0,86.89498355761776
29.975143479364846,78.50843668356406,44.82418083663502,22.0,30.0,57.56157735855103
30.01771621041503,72.73830782963923,17.663021823233052,60.0,75.0,47.714900449597245
17.785845363043816,54.40333162539644,27.680673401885684,50.0,30.0,15.712003474591665
40.61649076296639,66.41961225802453,18.59487006052939,30.0,75.0,49.76946328989096
23.27425370479,76.4422842537848,17.787874331381698,120.0,40.5,16.04119075879038
50.63648094948435,78.1216173750858,19.779120618569408,60.0,60.0,23.73786126260991
32.01023056036393,42.53082697207453,43.10873469093188,7.2,30.0,34.952523000140296
38.54019053786267,77.44963216344252,30.470382830894934,30.0,50.0,49.46646319285301
34.32820722936308,69.73405814211715,26.91536332287633,120.0,40.5,7.997638754165156
44.93608944195696,86.05329929530109,19.238341478265173,50.0,30.0,24.177222645530858
16.534336225102333,39.08039125750377,43.719686636837615,22.0,40.5,30.560873225237152
69.65108617044669,98.04197867837144,29.611857564568076,120.0,75.0,20.204018257453882
66.8900575561676,90.61990576691977,18.652857333758245,60.0,40.5,18.831205508969163
10.997404576947647,81.24420546298566,18.66105156373185,50.0,75.0,109.35376896339466
25.831446781194586,89.72491718073864,15.009975183614682,30.0,40.5,83.60175804936799
9.601222033300111,81.27730736688726,28.794012713079606,22.0,50.0,144.60529705181767
27.301628617762915,61.43475468034555,20.119942756499952,60.0,30.0,10.694944589519249
18.332479088843616,76.35712082673773,33.54155022861558,50.0,30.0,26.163285626178837
18.031444674672088,73.50154844436113,40.44047655748204,22.0,75.0,166.05194036387186
19.59668838655738,52.32696131951503,27.42389257586781,120.0,75.0,14.487951222221525
23.643519328620656,38.19128305020633,27.55741864871806,120.0,75.0,5.611978516118818
45.14825985894437,60.87644766061641,15.363623239316798,22.0,75.0,40.70915641443371
76.9682483240775,90.76511129825226,18.292085960325107,50.0,50.0,17.615627019558982
12.356193558818344,57.70629958346863,19.50145994081953,50.0,60.0,42.514942792620886
51.05609833885521,93.82874834968773,26.771811645854235,22.0,75.0,151.3980953303308
54.401910965558265,97.67905358909819,39.266503849089844,60.0,30.0,20.942448172564745
72.63214941015677,87.95440838946249,34.11604430424841,22.0,50.0,30.162114676400027
71.70431870966331,87.20181061600067,41.47378321368299,60.0,60.0,16.984611092103183
8.12546754517882,20.49173429505967,36.489701641880465,60.0,50.0,6.6430010297437745
76.737604872461,95.20627394276445,25.597542255061924,120.0,60.0,10.258482598080066
54.60279583028108,67.08417899675023,20.22328006002253,60.0,75.0,10.530576992686473
24.878482124375303,31.347174583708718,17.46515002429282,50.0,30.0,5.0
51.84976766406978,73.3305518533937,21.170617865866653,7.2,60.0,139.66513687861521
53.292819015584804,80.41022606342891,16.258536702949087,22.0,40.5,48.677137253191674
78.4977747019138,93.43016029686265,32.472679746217395,50.0,40.5,12.964326820102704
74.60627302445373,84.18702248684252,26.1650107151254,30.0,60.0,16.54611771336196
25.53434806355799,95.02053068691382,35.27946826759066,30.0,30.0,70.68072343657614
66.1960204226463,96.00690420644395,40.395430160708344,7.2,40.5,203.10474643677645
78.37979591004469,95.81489808586828,31.734396765332097,50.0,50.0,19.367912288136175
25.19984737265188,67.86095391427324,36.838415301922296,22.0,75.0,89.79281873043314
77.38473065952473,90.98792480492575,19.52028323129632,50.0,75.0,25.86964936223697
60.756783955745696,86.71159488624208,18.17792137675479,60.0,60.0,27.24264075018974
17.005372621592976,58.00437585268312,15.279948594812799,7.2,60.0,271.13124341198466
12.438357469041193,50.58638765339274,39.00212906097479,30.0,30.0,25.882181884052645
51.19890876951343,64.4345973239913,25.661537060572183,60.0,30.0,5.0
62.07430700210704,68.236957834209,37.37201348193697,120.0,30.0,5.0
29.51987122535593,44.26907993413009,24.168126464706447,30.0,75.0,24.86131353156426
53.252388493383826,90.83221516783047,21.516272930736317,22.0,75.0,125.25586588661551
18.377943823049737,25.60545276090565,20.006553535646127,50.0,30.0,5.0
70.56968529576783,88.03182610579952,36.70214296836859,60.0,40.5,10.558685176850117
50.26157499473411,85.52568507280263,39.14966999042309,50.0,60.0,39.08179505588532
16.174980211193258,75.99113245209793,37.37775626441024,22.0,75.0,151.76755244773491
38.01492484666179,51.41751816256899,24.845782608279347,7.2,40.5,47.64118040943583
65.10251868646392,93.02158475707733,37.00847490126937,120.0,75.0,19.356390196878895
42.21247880849146,56.621984682658905,35.577338131495914,120.0,60.0,5.0
49.082702064664865,62.553353141796485,25.867063249568652,22.0,50.0,19.848622848371086
67.37727827568301,79.92023727059585,30.542362987164463,60.0,50.0,7.4270318549586145
37.22426095542013,92.64689616372931,40.25800700375426,60.0,60.0,68.2659854664599
41.22266540640164,53.40086254455813,17.418045412713738,22.0,50.0,21.80876799008964
62.413467424333234,72.59173360663014,33.30675448432924,50.0,30.0,5.0
76.74609658125935,83.0048495517774,16.711641634537628,120.0,60.0,5.0
64.0344951951203,99.22074231977706,26.13621281669995,22.0,30.0,46.86188967207321
41.56783952550382,48.36388680462253,16.879596103660635,22.0,50.0,12.189130374119484
35.83217019505299,61.38372100702038,41.99500037061817,22.0,50.0,44.684065350201465
75.26168465248189,81.29316715322196,27.56379957222484,120.0,30.0,5.0
15.872380428486277,78.25222696825514,20.73572104394367,7.2,50.0,354.5474891407977
77.55171333412063,85.74501926941142,15.661054808925126,60.0,60.0,8.034038586844055
56.28155791827819,82.38719474266647,44.41550466003318,60.0,40.5,19.159499447744487
64.37749913400137,86.18431137470489,33.387004825858476,120.0,40.5,6.303865569374611
75.92736102502117,97.13863442289535,35.07067011987325,22.0,50.0,50.68960595114482
9.67048294114142,58.402086452099645,39.192108516985186,22.0,50.0,79.08335564470521
20.10228366019808,44.472393591205154,19.941190602968877,50.0,60.0,21.384574002425214
70.83725586140307,97.09036717154935,41.11735275138021,30.0,75.0,88.97523646194273
62.900935723249276,68.77298452340209,16.95613773781476,120.0,50.0,5.0
42.33593810257177,52.89061156563854,34.70340314172882,7.2,50.0,50.7595257325507
77.33574904256088,85.93513091330114,30.69988893584224,50.0,60.0,8.761501599157967
28.42618264141352,76.21148792228954,20.875224377607566,120.0,40.5,12.970923851534172
64.49460128286908,79.15754254012106,40.71537770996259,30.0,50.0,24.17585028150032
15.553364603656881,36.60282975557805,20.526745177140782,60.0,60.0,13.231771514341858
64.89449542870635,99.02927441073872,40.706218082252825,7.2,60.0,345.9694637919992
79.13119920590574,91.83326422329414,18.67301695076823,120.0,75.0,10.445818706835349
78.48368433908914,94.32060089657882,18.894793468551526,60.0,30.0,9.39582082750863
66.72188346661146,77.65330176443236,26.37081378657292,30.0,75.0,20.553200042465637
73.86559997170814,81.2062019175904,37.78747230343895,7.2,50.0,44.87365761612252
28.5545596244549,50.453095661029245,39.57765314614383,50.0,60.0,16.78832845520815
13.470740630838018,25.578418075364894,36.57232342061567,30.0,60.0,15.959032197518551
19.344531343594003,70.7801496148149,28.06516363194478,120.0,30.0,9.471619851399009
78.43287035113659,93.93878537208953,18.78794224693508,22.0,40.5,33.09083711590203
56.125211180121504,67.62243283110674,34.65847229074974,7.2,50.0,52.05858666402649
27.898300752254848,47.167099742232466,15.995680636872788,60.0,75.0,19.110254948138834
70.3403361697289,94.23123603130121,38.65342029759896,60.0,40.5,17.66694600985197
5.014129966743642,25.229037188881858,26.69278162279476,120.0,60.0,6.438928109301391
35.95708469495195,88.33042339614103,29.372101893100535,7.2,30.0,184.46273728704003
77.46825580300987,84.70274601650516,36.23064978991856,120.0,50.0,5.0
67.95956821255751,99.50782880667168,33.640334917605884,7.2,50.0,230.44116800235972
52.63168294322891,76.69074023612826,21.553295486499213,60.0,75.0,23.06546729382505
8.459267325180038,62.542642171152735,23.51485341070561,120.0,50.0,14.947595382666652
59.76846103176094,85.86539886030077,16.934738137475026,50.0,40.5,21.66700940013123
71.92268736047392,81.19960985499756,17.36907486572486,60.0,30.0,5.0
25.083250661625062,85.25881176022916,32.20048036905654,60.0,75.0,66.23717789858935
41.628097173720406,85.99338466229487,30.757192725604806,7.2,60.0,302.28067589830925
76.68683627905642,82.14726507725325,35.83351368392126,50.0,60.0,5.601071233421465
30.561177484238495,46.182285485126506,20.1174573467127,60.0,50.0,8.97856844655956
52.97041708832614,86.40033496786954,18.950803154161157,50.0,60.0,42.07551646140612
76.28982894396526,92.52811314407471,37.307817485296795,7.2,30.0,70.4827153600667
50.30537578034144,95.86039126655402,22.16569981205783,22.0,30.0,65.84956003845019
51.68897717973089,77.03406001829948,28.424044239673734,50.0,30.0,10.827582683122243
5.5748024486919,30.165073979955334,16.101640875024636,50.0,30.0,11.832686358197353
47.903648252697565,77.0484278038306,23.80466469624365,120.0,30.0,5.300754295631723
51.2799887088351,61.25700455700019,25.35669428405076,7.2,75.0,63.81154613246267
38.79477642373505,96.03341158434532,19.956118180135505,50.0,50.0,73.92831421295692
58.55244833501423,85.70910503299939,24.281181535883462,60.0,40.5,16.405820623209912
5.117382889360468,67.31880357424201,16.53406144326302,60.0,30.0,24.02437929879661
13.586572854942883,49.83621179516542,28.687095268666262,22.0,75.0,83.71296993952808
61.33835358563136,68.7285884818599,17.405400422457102,7.2,40.5,31.901749242278274
32.143999312839874,74.4591424129838,15.303935520832301,22.0,50.0,82.44258231690671
70.52739450997588,93.24490148180494,18.616752492110706,22.0,75.0,98.45133344759587
15.660284284509325,21.589083451891163,27.66102780382917,30.0,50.0,6.613738719713008
8.280430423171051,23.947223232833935,31.75927189351276,7.2,30.0,44.252915544418734
68.88809276554608,84.43463632695043,17.328439341943227,7.2,75.0,163.2173262954882
21.970933116067386,55.031594034537065,28.503700835457966,50.0,30.0,12.903644088401188
48.66490599455854,70.86321512676854,33.03222500400699,50.0,60.0,19.63073269952154
17.51451512740646,55.874289670027544,19.277824322457263,7.2,30.0,114.71985800919258
43.79295362857489,68.19582980774219,15.201311709121798,30.0,50.0,32.1919745402746
50.43344370895178,71.68213062003058,21.536776627649704,50.0,30.0,9.622132332729093
77.90189423724433,86.80858479864537,44.32356353971104,30.0,50.0,15.595732289366879
20.6648053029305,94.4722364492394,27.424506729846804,30.0,40.5,102.42502476370652
41.58883978943048,53.53484273616221,40.064407091469825,60.0,40.5,6.454205066446149
38.309578487431374,99.70849632530395,31.361433636549076,60.0,75.0,76.9443339855297
7.320323354850648,97.43468149508764,38.206166746036914,60.0,75.0,120.02736385626358
17.625271693934767,41.72966674908893,40.15647644708485,30.0,40.5,25.807386311893644
18.287819395389914,62.21513668032066,35.321619645561505,60.0,60.0,28.427477597791587
17.393153783195242,67.63673649134371,44.99141412467742,60.0,40.5,26.626645265580624
79.53862916747737,98.14950215440588,33.702178744783204,7.2,40.5,114.53812009715107
16.098811052437608,88.36663369096676,36.326541500469574,120.0,50.0,28.128743512048032
49.93404387802439,70.86309010234669,28.753992737077734,120.0,75.0,9.810805356087315
9.330578890188033,72.65054215720595,29.00346231693564,22.0,60.0,133.56841156833963
43.46768121103982,53.294838256590374,37.63863664795775,120.0,40.5,5.0
47.20337742667544,73.29238073865972,33.1726590941717,7.2,50.0,143.41242125428167
78.55545076875721,90.25798935252648,39.82556766318909,50.0,75.0,19.813663606599793
9.460367665046059,14.73134426793209,34.205949346788714,7.2,50.0,23.86350734855275
7.309253724533589,97.50371124303865,21.622364653583453,22.0,75.0,355.7012728875181
44.54196356298502,81.45889731165997,34.33410831363101,50.0,40.5,27.92445693484614
44.64335822916478,89.59601639066409,44.716380983104,22.0,40.5,84.00874088437236
6.073645825029498,76.68969196754709,40.02433791002027,7.2,75.0,741.4447465772438
66.64449769549472,94.58929296949441,41.53272826505931,30.0,40.5,49.01386520263097
59.23621148484721,74.26203385410456,35.62219092408713,120.0,50.0,5.0
65.61764075069166,98.4629507858476,17.169494257738158,60.0,50.0,32.41851365693406
10.764655645712264,57.93491325873716,38.83546633472246,120.0,60.0,16.542855817039236
55.01408157607009,68.45560762639347,40.902023005710056,30.0,50.0,18.76510515844292
68.1673059757961,87.89793040093362,21.578218857716273,60.0,75.0,22.35816433555894
61.97085715248473,73.17514556183963,36.59374360064058,120.0,40.5,5.0
10.383185466988477,73.14408027228882,22.257950409465888,50.0,60.0,56.761209163289365
47.2466698215361,57.97485813063202,42.503750721070055,22.0,60.0,22.60591398227073
15.037127224976986,70.37836924606742,16.629961044687114,50.0,30.0,27.646163519670978
43.334685442792235,50.755304034476374,23.285086734626983,120.0,30.0,5.0
5.286494199393733,32.429928820766676,37.22712168456214,60.0,60.0,18.278911446952854
25.279496478839416,89.03379462074831,24.400437527554296,50.0,40.5,44.24949357770828
73.2457357890794,86.45401242654509,43.92235249470325,60.0,30.0,6.963226098858545
34.07366040917353,77.62247919696061,36.11571274902994,22.0,75.0,113.32560126204082
77.4535628846508,95.80706461369047,43.52318123194014,7.2,30.0,104.28053562931866
53.31119161069369,60.320009048402554,25.80151397702935,50.0,30.0,5.0
52.58181089649377,90.27692891932847,15.086437549968437,7.2,75.0,501.6339043369033
68.77610008399215,79.33541095719845,34.720604465103854,30.0,30.0,8.091366432870762
7.6954006191165005,47.157525243411136,42.92421891949469,50.0,40.5,26.39008517391445
8.914897178372872,72.64162753639945,29.044624239030913,7.2,60.0,394.8411708082401
55.01499954131913,92.93502747033682,38.46046004798902,60.0,60.0,42.612200909631035
23.141666266560946,93.60954516411098,40.14796078637115,7.2,60.0,675.2016218391589
60.21503187955715,76.70251643078046,42.181976570590955,50.0,75.0,24.008092682778546
43.927421009716156,83.53125198376956,24.355915737506496,50.0,30.0,22.487966222660756
14.416266107199004,20.781972224765365,38.10474635271288,120.0,30.0,5.0
6.316427252497168,37.32808277412437,38.194256217560145,22.0,60.0,55.804676069531986
47.60693842534005,84.02888640548912,31.451461085869617,50.0,50.0,35.68808164214321
63.739880997396945,93.13453148701586,28.739872770107144,120.0,50.0,12.46402198575769
22.117652262027434,45.09070413994388,29.52231209130605,50.0,60.0,20.091033082600024
75.70432393205841,95.85508700858514,44.73983704692662,22.0,50.0,52.91311519600182
32.42605611960285,51.52905093555096,20.8749925240281,22.0,30.0,17.6768108727363
48.37237995652705,60.224901339765346,39.333713098004125,50.0,60.0,9.66859953079717
76.05464371898351,87.44567287843937,36.74943509772157,7.2,30.0,42.74108469952875
74.79551036349028,89.84345452821859,21.90752762131544,120.0,30.0,5.0
23.14199705846669,64.11436994704374,35.38860998205323,60.0,40.5,17.486442662635174
39.394845763538,75.5823568061092,40.918847422050305,50.0,75.0,53.87674310294163
78.58943968730868,96.60535865761351,40.61354765114001,50.0,60.0,25.39324224558259
76.35723577713742,99.90341731889926,36.35168417238146,22.0,30.0,34.67520382696673
73.95405534295045,82.6601508869312,21.418711160647106,22.0,40.5,15.585128428193524
59.90919551322169,77.36787180995658,35.94933471682718,30.0,75.0,33.879362235312286
34.45953318570076,91.17452615857752,38.192671250923986,50.0,30.0,37.47598566662787
77.0125838546559,95.7473983262333,40.6562095505511,50.0,30.0,14.387495851554089
33.273915644471,72.34611559660857,39.142593659690846,60.0,40.5,21.302308797956428
59.66460817024601,68.03557901438367,27.86106062959301,7.2,75.0,59.01995242837816
13.887696769861368,42.31981953328169,26.93509876506471,30.0,40.5,22.943081850691495
62.075594262154404,79.314388246907,26.773745586884402,60.0,50.0,11.29224170853635
25.666095441461255,73.79452709052696,44.773268681243366,60.0,60.0,43.212618314316096
68.54537507913945,97.41370072267917,41.320668366157804,50.0,60.0,47.91325598204645
61.382912977931994,74.0709528402045,43.689602801625824,120.0,40.5,5.0
37.3535486580556,83.81056466434845,31.8997392609914,60.0,50.0,36.655183091367086
15.786076273611028,54.8562127295431,42.11272715325426,22.0,75.0,110.37443872828278
40.72517999758241,72.72906591684156,21.14040327171852,60.0,30.0,12.550802261105177
7.460721809645633,68.13942042505506,25.93062715284696,22.0,50.0,90.17444151003778
65.81589357559388,95.20872640801238,24.96573099346814,22.0,75.0,105.73715388768
16.36963061000745,90.24064100939934,31.17283658208026,50.0,75.0,116.4474582171675
62.416006288689566,67.41638539548525,27.496974854468764,120.0,75.0,5.0
20.26837831597703,26.0224657176235,28.12445779824629,30.0,60.0,7.0622140038860985
54.72853938525668,89.60578809659731,40.45276137271574,22.0,40.5,69.27133359718286
23.961020456690044,48.24374002051114,18.76069427377157,30.0,60.0,36.62996138896424
34.48964007709417,75.2293479961952,34.83042762741961,30.0,40.5,39.36719013959679
63.54737880691679,86.90856293526005,43.56665357092784,22.0,30.0,36.56675490572126
52.411962438984304,62.94591048186131,31.802750923301865,7.2,30.0,27.338367755450346
77.93149992800775,90.5920756727448,19.77075011220784,30.0,30.0,15.179074287293046
68.78537110706283,82.81903929584598,15.925737129242174,7.2,75.0,149.36434282162963
54.8859645678804,66.1969565382773,18.566231735312158,7.2,60.0,70.11678009629563
46.198232861007796,66.42360437206428,29.47501260706082,50.0,60.0,15.242242080115972
67.92479957885081,73.23394376927521,36.11099338887153,120.0,40.5,5.0
57.86532575325363,93.20911312485148,31.39290948233542,7.2,50.0,255.15335613311808
41.169827093914414,52.548291254467344,43.84540016949254,120.0,50.0,5.0
70.9505765132396,95.40150936385854,35.31457237373021,50.0,40.5,20.769545956472694
64.75110478935292,77.32748201355818,33.746222988209965,30.0,40.5,13.214361212356698
5.911757860804011,70.95900761655501,16.55507397359187,7.2,60.0,471.50330020545346
31.471887758926744,75.94142419668167,25.021498970063078,7.2,60.0,268.738635283586
63.78198818630804,77.70279493930396,27.98300638797788,30.0,75.0,26.478613529901335
33.60807810599836,98.8979865785228,38.545854688766404,120.0,50.0,28.47936110744097
79.2771336498779,89.39105734258482,43.23817344725555,7.2,30.0,46.894446528465956
78.282817478868,85.0067161160716,31.433540831499585,50.0,30.0,5.0
36.70464776704492,61.905396195080314,26.928371356586116,30.0,50.0,28.472152716375366
25.140031705070548,50.222094500800075,34.70268190423671,120.0,40.5,5.252652850130359
10.668771039055024,95.90346051494215,23.91872370922001,120.0,60.0,45.460624262552315
53.63786150890161,69.69818121794579,15.45332052643425,30.0,50.0,20.60046982223242
50.750556280961426,69.59653441048927,23.132887612921973,50.0,40.5,10.353503952013913
12.942935330281822,30.647716806935662,43.34208776349239,120.0,50.0,5.455041350563677
49.06894033320514,86.27302487914648,35.40335656340918,50.0,30.0,21.04704963788004
23.982615438470656,60.95849438726179,43.72743045251452,50.0,30.0,16.434415593381566
55.43453735187716,99.09026951468744,18.056793026188103,22.0,50.0,115.20705301964429
61.128826225717354,97.1056629439699,28.020629181262766,50.0,75.0,56.64250802898353
79.71967148936577,88.2214941893412,31.40627897628134,7.2,40.5,40.410488879220665
54.04955692548509,92.56215327159454,16.500557304633368,50.0,30.0,28.014531886398938
23.56698277099148,33.03342473205626,28.76821549790461,30.0,40.5,8.490635077655888
32.91502938689144,58.59148961606997,41.54892924541763,30.0,60.0,39.535680970025005
20.021151340071942,71.26687612917205,37.28644481003817,30.0,50.0,62.932626362864426
20.46630538131049,85.07229951550329,25.008203670871296,50.0,60.0,69.94859967050606
7.625593610510424,81.4218722372383,27.340183994974318,22.0,50.0,154.43266734523687
42.457382740012655,75.56902305248599,19.331628964010015,50.0,40.5,22.227580600380794
38.29395908797834,44.53657720601257,24.03138233502939,60.0,50.0,5.0
12.90449135808539,80.66164175603944,27.29013160127978,22.0,30.0,80.64945952145678
17.034696070341983,27.53062203700269,20.56940114703729,60.0,40.5,5.0
56.38507324058631,65.64939155811162,23.675623388878495,50.0,60.0,7.53711310790751
45.16653611597544,67.95140047037985,25.61367476209308,50.0,30.0,8.47854255439481
65.69932987139468,93.74013841090702,33.96649793261847,7.2,40.5,164.58761312212866
28.89567220727054,93.62479573182293,17.329223279663438,60.0,50.0,66.75902786435225
64.5864225236368,96.4834771547985,25.34344260217941,30.0,30.0,34.35428501305389
39.43919252994213,67.27988538511951,36.65787682547038,50.0,75.0,26.656599654820724
58.90547133901477,90.34114199558809,30.448000497397782,120.0,30.0,8.344452115275141
59.93103986095014,95.8500263099718,18.64486173263296,50.0,50.0,44.94206122116975
50.58145123217394,66.47964496426476,16.731964776753514,120.0,50.0,5.279216620414064
47.893415288795055,99.3521276872177,27.44207480902413,7.2,30.0,231.9776322119857
57.66095721363721,69.07184337960882,30.00338256229881,30.0,75.0,18.602267485843512
44.93780498119864,55.714714062084404,33.16913667970234,60.0,75.0,9.516420035133686
43.42135679326138,54.31606174759456,37.94402917377832,30.0,40.5,9.628757477031256
6.35930307842973,81.62993475575321,17.071377189437992,60.0,50.0,65.17865309379116
56.64737219809067,71.36103365583979,15.29936329975348,50.0,30.0,8.036327373832485
66.60412721755208,95.55110979216614,29.552839799386206,30.0,30.0,30.616036098019226
66.544906825744,83.05694563910387,29.53033278874526,30.0,75.0,37.88515149283517
6.163124796994413,36.11580088501971,21.238690778681697,120.0,60.0,10.51330191279862
68.59459128225113,88.00099102097765,44.45122027563425,22.0,40.5,40.6640783771526
22.36613269737866,95.82688940649554,16.285126653573396,30.0,50.0,159.46627649197245
50.63067019100133,86.98355888113397,26.23441199904051,50.0,60.0,39.80843203826789
74.69663016965445,87.3962068035104,39.9410311866591,7.2,30.0,51.339533575406755
62.9607179967753,85.5316742158985,16.993899773288163,7.2,40.5,130.28487543697526
31.26522433180477,79.44384044674499,37.75505642749172,30.0,75.0,96.65462759188652
33.99651294753757,79.41034382725417,25.408879792036753,120.0,75.0,21.578426266005522
50.405881813069044,74.7224087932763,38.22908048833786,22.0,75.0,64.95773337695724
28.01783848959275,60.81350746169078,36.38333028650493,30.0,30.0,21.397600551373994
36.86381321510652,94.64208262875977,30.21178940216155,7.2,40.5,333.36697140236186
66.63732099390195,90.34281322592511,38.88724351624106,120.0,30.0,6.768648323970345
52.728071115003075,71.44581085435748,23.08535586876818,50.0,75.0,20.260398317080618
49.64774494456168,66.64954018228327,34.859068343816055,50.0,60.0,13.61015983136233
16.29560774137055,38.39263263945811,28.919703943932753,120.0,75.0,8.55936117582345
46.80028771797561,53.67907975879086,35.00542173916974,120.0,30.0,5.0
29.396796377131082,93.5027174733552,44.88473020496336,120.0,40.5,25.839235451587825
48.25267991433172,56.39671365221844,17.84753810465009,50.0,60.0,7.793543831121065
65.49987897701124,95.81166931226518,44.928848922064695,30.0,75.0,103.64036843336741
71.87831489020594,96.51276445726442,27.18035405118332,120.0,60.0,12.430951639302409
6.078608455406377,79.04597520915601,33.71229254592027,50.0,50.0,61.30223918859171
36.11113395417104,64.80418323869692,26.717808227453467,50.0,75.0,28.991844070397047
55.70940481912177,66.14861774619217,32.365205041067775,30.0,50.0,10.878038524041045
44.575809966627126,60.24737873399744,44.8689332849665,50.0,40.5,10.342115206469611
58.6325120962775,85.20418645218894,16.60043990966693,30.0,75.0,68.77542991523815
32.98419638167877,96.38398169520997,20.02071096710343,60.0,30.0,35.172456074844355
10.23504909609717,62.25312558260448,37.43383049278117,50.0,30.0,21.81119075464019
39.13789938002423,81.4404087382141,40.12101239310452,120.0,40.5,16.54962178369079
50.72730688644619,86.70223484242526,40.144649249659274,120.0,60.0,18.631247311589398
41.6371724494929,68.0830097920181,19.610731285326136,60.0,30.0,10.818891686889648
48.739310320782316,81.1645059406394,25.6477398263103,120.0,60.0,14.954918233493656
11.34240335729284,67.10976118772464,41.429190169189724,120.0,50.0,19.813447264021786
71.45700764849062,81.08682149493502,37.12278257312032,7.2,50.0,59.12871611893833
56.84088570399053,84.85234101028347,33.56974694095764,60.0,60.0,25.15866977383883
34.697119156070364,80.05835646217544,41.75679309769688,60.0,50.0,41.850467221956215
36.2163544134012,51.09895088990772,29.24852895791245,22.0,40.5,18.683781893692814
44.741094581639466,99.26138669691431,19.980654709285822,50.0,50.0,65.69193524896451
22.43794941558734,36.84772199322926,22.693891830502977,7.2,60.0,73.91688617771935
20.788020474900723,85.8272663035479,19.407657707513124,120.0,40.5,22.511021436860084
51.29141044084256,63.10911399134211,29.35488348767886,22.0,50.0,17.806654332537306
70.65542188413757,86.4095538572199,44.52703497703302,22.0,30.0,21.982800339323557
32.28572308557001,49.246965486123514,25.411871054981848,22.0,50.0,24.98548143158197
19.943446580623554,28.318097423251984,18.790694439435317,60.0,30.0,5.0
6.186737899761561,57.61477136785365,29.126020686695302,7.2,60.0,296.4158130615176
32.10528343003897,91.18182581067923,27.204144028551706,50.0,50.0,58.2433959195136
19.731441190401302,96.34532200491212,20.264748821440723,30.0,75.0,201.2029751520164
53.355893643261396,67.92682225599842,31.579868033302446,7.2,75.0,94.52638202050719
47.81580626296072,61.55763860509759,23.359291893451093,50.0,50.0,9.744723969512075
26.428067574566775,95.0027368945879,44.09779576035572,120.0,30.0,20.58762628089584
75.41712200309563,97.9239252045678,25.124409770246945,30.0,75.0,55.681560878209936
55.457346080935004,69.17666985764913,21.546226036565166,22.0,60.0,24.55138139262688
5.049004307097467,88.36655084566551,38.77784439627404,50.0,60.0,83.54724922508613
39.37426959406816,63.911104548067996,17.813295787710494,22.0,40.5,34.97984714643916
50.74561689470388,96.65978841541953,38.5743793640512,60.0,75.0,62.99968796682787
16.586915300369434,59.79489478261219,27.899556423631793,7.2,75.0,287.3064047864297
67.06647892055352,76.8349645855805,15.913910589268804,60.0,30.0,5.0
73.29542879108163,89.36159144752209,30.038269338771883,50.0,30.0,8.816465350680847
79.72987202592915,96.88500692930148,37.61202211284014,7.2,60.0,141.1242316308177
50.62396250058288,68.09583675319057,20.20488151065066,7.2,50.0,77.18360374731522
61.30772369082918,70.53564267560078,38.183142589952375,22.0,75.0,24.224793801467648
74.55163854397229,87.0334038294227,24.54148717652756,60.0,50.0,9.602213037601201
22.5819200008636,52.572222289842585,15.903116166339569,30.0,40.5,32.06269848459512
24.912230557180425,72.76835116343841,35.354999048779135,120.0,60.0,18.6926246525637
71.36413382720032,93.83262196323909,23.32394039174862,30.0,60.0,42.881136757092676
58.70374799316084,89.33783668812973,33.680686228493926,120.0,50.0,11.358635126962161
10.920455220991666,53.150720970582285,22.831455787045442,22.0,30.0,35.250666864311114
32.93816986650994,95.57068206928291,16.85425382067668,7.2,60.0,635.3525546422597
38.658410299596106,95.11139128090187,20.681802536545383,120.0,40.5,19.861679103609422
25.478046449585506,42.796815274367304,23.82800209911343,30.0,40.5,15.447056859109079
39.67933826844055,92.52964195646707,22.48374612879697,22.0,40.5,104.83968798095974
28.540855738627048,79.46783369012597,23.14899543823109,7.2,40.5,219.68542673052826
37.24682148348663,90.2367772975788,18.596732804181364,120.0,75.0,39.13597398396315
41.961468839961846,62.8699556540368,32.88245865714918,120.0,30.0,5.0
46.002176155409764,95.2184509954246,25.318730596730568,50.0,50.0,52.30653643889983
47.49539441790972,83.70736909192526,41.951593997521044,22.0,40.5,68.03296987943673
66.99133056435981,94.42573422628521,18.13363554300454,60.0,75.0,39.8539077861349
78.54261702955426,87.07594947171843,17.017025402716833,22.0,30.0,11.9304791468675
69.75992977560975,80.39003187334619,41.19326528292683,60.0,50.0,9.371791357188322
23.46831207279501,58.76540942174537,38.807119636164046,22.0,75.0,77.78324917356156
13.677598863522661,20.89363526636065,30.70759455664359,120.0,75.0,5.0
48.32238157583169,70.08939040211332,39.70656679835457,7.2,50.0,114.53049906255747
65.42858942511634,80.1333196531775,21.27178121120538,7.2,30.0,58.36765625900702
47.42661291057543,61.11695695655726,19.187966020794004,120.0,75.0,6.54518116756408
27.74644181369622,95.46407559139087,18.559312972247408,120.0,40.5,27.50975494470507
7.44942955883719,54.0881474524987,27.23244315008197,120.0,50.0,13.456894109793001
47.16416082983938,86.35498360815733,17.053513576980503,50.0,50.0,37.04265147480083
57.000136530103,86.63301212690885,21.944402877389646,30.0,40.5,36.141806939838915
50.887326507741605,72.36155490447038,22.660091212897324,7.2,50.0,113.69470930499988
55.68671938280552,86.56114124637944,17.10324418923771,120.0,60.0,14.835244030178076
73.04367082673043,81.47508739802497,21.602660306141598,60.0,40.5,5.0
42.68204653747823,85.9519158628953,43.743540267583015,60.0,40.5,31.988880447440835
73.73154083990497,92.24582513856055,33.89461963304123,30.0,40.5,25.330791606968326
63.57228977333264,81.08767748605003,28.31711496959735,120.0,75.0,9.042135214312736
75.73811172209638,85.30596193148217,18.228425542795765,60.0,40.5,6.431038676328952
43.55715819134448,64.42564319899583,32.191266018570474,30.0,50.0,22.994213829383813
57.25213335775614,74.49549565259998,22.016907944166103,30.0,75.0,33.133906181284424
38.04301460092305,50.58438223861104,26.46756755932375,30.0,75.0,18.696802663224616
50.264660487584074,84.76788448722534,35.64136671222386,7.2,50.0,197.83418502463635
51.70650524298808,66.34693090701533,24.216492510638126,120.0,30.0,5.0
36.36085911220997,85.7672823672323,41.93893940543366,7.2,40.5,314.0181240099638
8.92934716961459,27.66836664386715,25.06869818933735,22.0,50.0,30.07705213732323
76.11886533425594,86.87010343313132,22.935474119665148,120.0,40.5,5.0
8.796685420180559,17.1923920518786,32.218495982070316,22.0,50.0,13.311155101277318
5.847690244176685,81.04371895014982,24.192984681101148,22.0,60.0,187.03230347854955
5.469310326985267,16.00997987933666,31.061038235449537,120.0,60.0,5.0
65.42366040225065,77.05818227698026,21.78237213031688,60.0,75.0,11.029314852443777
8.791939096965422,67.79758400240749,23.61980149526706,120.0,40.5,13.615503088765687
61.93151994167288,90.98980578322151,29.53173556802548,120.0,60.0,16.001335226463695
65.40742469749897,92.90254425433345,19.61699714081321,50.0,30.0,20.14193951604468
35.6341686056362,80.98495897938291,16.70041296497506,50.0,75.0,73.66204288508895
23.488992922848723,98.28607413997895,25.344528232385095,50.0,60.0,91.96695932654231
13.335286049900931,71.26259830474919,41.25354133674141,7.2,60.0,452.48019447543237
34.77441216556056,49.18869361500056,37.13852842192777,60.0,40.5,7.133062295841403
7.25159991118039,51.258242910609845,30.138570738230868,50.0,50.0,29.424319721713875
62.1256907160247,83.79567515704983,34.13705623658885,60.0,40.5,13.056361099657268
51.407905778075374,85.41256863546276,30.02132777510014,120.0,75.0,18.568375086117406
14.68808339323328,27.68285462842606,33.09576496844002,22.0,60.0,25.657498499410494
79.39720604289825,88.98548006473033,21.30955668857381,22.0,40.5,15.657784354180773
9.575535725404617,39.163370231264004,17.798143403345097,30.0,75.0,55.56101067718466
71.71824637478691,98.6945521105561,37.9748711770473,22.0,60.0,80.18229754957962
15.75465275081694,22.211668970193106,28.922000682135142,22.0,30.0,5.948164157394212
21.40354166799044,30.815156312112826,18.929212289825223,120.0,30.0,5.0
60.06134442812347,76.98655903923162,29.355851097585674,22.0,60.0,35.501772574333394
6.026181107051083,18.28633084265802,22.75774773404352,50.0,60.0,9.719913803719617
59.31908956243499,81.89547054938815,34.00235220726381,7.2,40.5,124.0076712012936
48.266090098340634,79.62025632288073,30.00835605623281,22.0,75.0,79.01853989589331
73.79510499332605,87.4168146487408,19.298443761079234,50.0,75.0,21.452273527227117
57.337458912887755,96.24369299028832,38.76573584405028,7.2,75.0,446.7737690500833
27.1868073122402,32.2622219702532,23.15863678194596,30.0,75.0,8.424547091061582
49.509603702854285,55.248524371682514,36.863341633519425,7.2,75.0,36.609760565592296
14.470335283079889,84.97594141383435,42.72762823809348,120.0,60.0,35.42252233903375
35.152041266618056,83.77756443365595,38.39462652030204,30.0,30.0,44.34252400573599
46.57675109122768,58.7539221510898,17.762962625987694,60.0,50.0,7.897226206960944
46.483397829377864,90.89140194532334,26.52127915173301,22.0,75.0,148.4019527482442
34.24248097183104,68.40896863317117,19.14046461060155,30.0,50.0,45.297541327456734
79.66766753680159,93.60203920526384,39.37421463132515,22.0,75.0,50.539170629305495
55.43804470052368,87.42688181650814,24.457183039483525,30.0,30.0,26.915849487168387
48.386938117199755,85.70946668319152,36.01834489183355,7.2,60.0,297.46698240008624
11.937532845422284,81.75515156342162,35.211052006264694,7.2,60.0,530.3581023096126
68.7469497877404,78.89899844236824,18.766493696954313,22.0,40.5,16.891699387896637
48.91727965949764,78.86528569767653,17.580964710988297,30.0,50.0,43.61955571538737
22.53055940275582,73.7496946896933,39.60202506166948,120.0,40.5,13.480577784642419
23.92339453022653,50.798705740822705,33.409137089681515,7.2,50.0,121.58241989876316
59.76662883179369,77.62055433512695,34.22896584296273,60.0,60.0,14.328812776466476
46.73484780116165,69.04377303593992,42.34017570235892,120.0,75.0,10.617148886052131
62.48954871662204,90.31537889928502,24.94056656208951,120.0,60.0,15.35819936840707
39.06377470525295,67.12514644570199,43.04189746464903,60.0,40.5,15.834097599722048
33.337941029538996,42.163255606753474,25.179158019287023,50.0,50.0,6.130130011514406
38.88046069860829,63.787663879355414,27.021125005033998,120.0,30.0,5.0
54.47677046978558,77.38939224620339,34.44700406423538,120.0,30.0,5.0
76.5924446644108,84.37994337077224,29.322485684410612,60.0,40.5,5.0
14.511801691281411,51.04244573808145,19.879824453164552,7.2,60.0,224.31851605784624
46.427460336292576,80.33928013782368,41.157391838415165,30.0,75.0,90.46652034359212
44.74777557660654,83.838476853913,32.783128226105546,7.2,40.5,212.07834615544223
46.87642362980852,93.74094336857934,26.146395339596232,60.0,30.0,24.19309696351111
40.24365290251965,72.75821776737239,21.023129242700357,120.0,50.0,10.593978781408513
31.984557015897458,56.32855136313968,20.855914937156477,60.0,30.0,8.694420692133395
29.42636015479649,60.27129533653283,33.100025886361045,120.0,50.0,8.583222709326977
75.19529361864197,93.50902109516963,29.43833853657711,60.0,60.0,17.522809512005747
78.6890954192029,85.09398852081054,39.43160337806284,7.2,50.0,40.74476748945985
53.296743458571015,74.18367598151569,16.63696224848097,30.0,50.0,31.57110815488062
72.91541284466759,96.36427029690059,20.906636153270508,30.0,60.0,49.46535077260424
42.76602361339146,51.323628802514875,21.545229887798197,120.0,40.5,5.0
36.06058011617497,97.52135338033342,31.23341474636534,50.0,60.0,81.33204530510163
6.576583004466286,84.04926028872653,39.74561302461311,60.0,40.5,49.686619639000696
45.724859945395195,69.1443068633637,33.75989879112699,30.0,50.0,25.553721552631927
34.00302927829834,42.123036872934755,26.933803227872946,60.0,75.0,6.627623262778973
67.93599560530643,76.86911784764123,30.170902313441218,60.0,50.0,5.942150042892294
47.45138186658657,94.20066207716721,31.736210269802196,60.0,75.0,61.10330136412662
8.304939617778604,29.367527344872652,31.238103328250343,60.0,60.0,15.345263751541003
68.16240324877857,81.1227694362895,17.31562590679404,50.0,30.0,7.860943822478382
43.89212664993004,61.45686660432135,25.744191495874333,30.0,75.0,26.694775338537664
33.6604606124427,72.68745390941136,17.30274185666214,50.0,30.0,20.862622561083104
62.44786811413843,80.91399103083562,34.58918765723818,50.0,30.0,10.976837754854904
8.10710666145408,97.20228671669662,31.495925350931945,120.0,75.0,57.24220906085724
18.427372808118783,84.49511847889566,35.32637415551328,60.0,40.5,41.90230125705739
37.778864138164074,78.69916981064912,34.42373822236638,30.0,50.0,53.984941375632665
77.12118552846242,95.17707062252373,29.696114301532337,7.2,50.0,131.96171562239383
6.250686011737937,28.53670031457358,39.31404651646398,50.0,60.0,17.069195021290074
44.14132461184574,52.59835660242248,20.436766831491287,60.0,40.5,5.0
39.4733448039303,81.99610910937366,33.55830867281817,50.0,60.0,44.31658117308034
14.975734918049659,32.67852774856623,43.478193187368504,60.0,40.5,9.744623874089863
20.623654250638847,52.059933299352124,35.076570897746,30.0,50.0,34.2941730762663
49.533547395758916,80.70373873833583,19.843735021927202,7.2,50.0,212.89222954547412
60.670354418921505,66.53543041309281,25.64495566629488,22.0,60.0,10.18215123450961
60.85525458719075,79.93665209432942,20.87266819216874,60.0,75.0,17.824439326425924
73.3969688149725,79.71321389036908,35.820522423172264,22.0,30.0,6.58943006289758
73.10113170312307,83.41332120355854,17.739264076340106,30.0,40.5,13.203422844146704
40.37371180629465,50.367755878540216,33.77045736784058,7.2,60.0,55.730047222864364
72.24309938517577,81.71014931412498,15.676935351160417,50.0,50.0,9.427763542633956
52.02263258965374,91.76531645907735,33.349392581699774,120.0,50.0,17.52313623918868
17.346538492737864,36.41515983891934,38.720733057005035,22.0,40.5,23.648582939577867
49.22401213636607,57.30825498944336,39.94622359012997,30.0,40.5,7.251325932030391
48.423323491560886,54.103762024014046,25.81126477089512,50.0,30.0,5.0
24.949826981949347,53.261184429750315,31.722148929425614,60.0,75.0,23.78168290205467
55.929995337172805,97.33309723929327,44.90848252235009,22.0,75.0,191.6631626287962
8.69156859055712,33.635794530911134,41.921571523911446,60.0,50.0,16.13871616450486
69.43338182351874,87.21818040225315,35.246796091624645,22.0,60.0,43.80569557553208
28.44485186812251,60.777895343311364,21.290708322906024,60.0,75.0,28.201929395079684
62.43939829135565,89.96012249131488,43.969169258004015,50.0,30.0,19.29529124903533
37.113795490037965,78.69898864300345,36.78333778033911,30.0,40.5,42.432154878859635
28.494985743545776,75.79672510715086,26.94841647267163,50.0,50.0,37.87534320553511
65.90582082565093,94.91466831778892,38.85174052818393,50.0,50.0,28.6147482746294
76.7218911135021,88.60682410665025,25.17721983521509,7.2,50.0,73.63690623367181
65.66197426187631,96.3470828206263,24.07398952384409,60.0,50.0,25.661806657980737
73.38639715145688,80.49388969104896,40.599876496763635,120.0,30.0,5.0
22.345994623696658,45.04241251177788,24.181414986863146,50.0,50.0,14.478292160581024
38.40571408293401,48.17408700257698,35.47957815132597,120.0,50.0,5.0
28.468966102161694,90.58628813144415,18.95060710308621,7.2,75.0,789.4419467902854
23.923605210136472,90.97636459597393,20.06575390111185,30.0,30.0,74.3515204010695
33.75478557936942,49.06104381492535,40.09326577409609,60.0,30.0,6.424473183309433
43.33352288671254,79.55624575289451,28.826950146197458,60.0,50.0,21.42730563918934
67.91403964280516,91.0890706326827,35.91072498012898,7.2,60.0,190.65909025487207
35.5833525804622,93.24910202665023,16.41590105092137,120.0,50.0,29.301305562403186
25.291944236599356,47.6347361195061,43.261746584657864,7.2,40.5,96.16187359762814
15.444055308852798,21.29652093965395,31.327720110457523,7.2,40.5,21.639347859265794
30.806871338708156,69.2222088606615,28.219946502728806,60.0,75.0,30.229191592141046
34.7566292341647,68.31236445902601,28.537998422193432,7.2,75.0,229.37208710592628
66.32175337283647,96.99040740761512,40.597274075913525,7.2,50.0,263.2080571189478
61.40857495227311,83.63676841729276,24.625636282495307,120.0,30.0,5.0
74.05185505839647,86.27931782843031,16.641981207749577,7.2,75.0,120.48704434846469
46.53675804752942,76.3974003945211,23.44178946516489,22.0,75.0,75.70084287291736
59.30218915796909,97.4586000471777,27.91607462739111,50.0,60.0,46.89433107775712
60.80214352607575,90.11685237565747,22.034984330222812,50.0,60.0,34.49935691562309
9.03728936813443,30.359487339337246,16.168735390453925,60.0,40.5,11.33891530663865
56.48854572824394,92.87815766160443,41.323563798095066,22.0,50.0,110.06534389920289
7.82732936861396,83.2687590378921,24.621735733798726,120.0,40.5,24.107143857519034
69.31479558139428,76.81568415202646,36.19115990429988,120.0,30.0,5.0
22.606581629372847,86.88732732101161,25.119918265372966,30.0,30.0,52.70460891742963
45.318846926942435,59.50590053172297,27.844655190903595,7.2,60.0,77.58317011607498
70.6928693749921,97.6980903986296,29.788709149675803,7.2,40.5,176.2558370469701
9.517020867522309,39.96105333366782,23.941986035100125,120.0,30.0,5.152209900408169
58.84495182050764,74.09880995573998,24.788464547068394,22.0,50.0,24.294183204595278
69.84892659520592,77.83336842011302,20.156295364077728,7.2,50.0,39.44195037482792
38.005330629987384,70.52527936988054,21.36856925005774,50.0,30.0,14.435870424258429
6.078592698811473,82.48082004775668,44.423814162437544,60.0,60.0,82.14874231418318
34.49905027888915,72.44516459618487,19.79639290099324,30.0,40.5,45.05923770330065
42.75088479546155,89.36419944806902,37.18407699716182,50.0,30.0,25.9197988365991
11.558487634991408,48.04624181776806,27.405495908698775,22.0,75.0,83.8044078111024
31.424529068940448,39.16463879251012,20.372848179845448,30.0,30.0,5.035848465874791
67.18629802131049,86.31960034720329,33.607240628067366,120.0,75.0,11.011912676649603
19.401206355502755,35.44021926109298,43.14192418704394,30.0,40.5,17.685935563604968
10.177770268353118,43.575323291242256,24.411093742714687,120.0,40.5,7.791696496732822
66.07879405018112,82.13026633172248,18.96806145295445,22.0,50.0,37.38319833686968
53.209630287973184,83.32336426357756,35.882395847011175,120.0,50.0,10.576613196907356
40.348120593059086,71.17197759195234,26.346735457300344,22.0,75.0,83.01077670240797
6.901145319795386,72.69348586430685,24.483039346409115,22.0,30.0,65.40509596815659
34.010543153891,43.92512312746373,19.41489753284836,7.2,30.0,33.638294656395644
34.79536046303448,54.578647386098815,39.36978540741185,50.0,30.0,8.205474398865054
48.61731533284915,86.76681947028466,22.206582996251566,22.0,75.0,116.19154376229538
19.65935002762999,37.18317820909438,42.49467453346543,22.0,30.0,19.834134923834593
30.411761181710553,96.90379785515542,37.13783306996401,30.0,60.0,142.0274559722275
39.877725066568246,57.389298523306216,37.31715561906456,50.0,40.5,9.260977830167889
77.11630491031747,90.0719101789087,29.671452013478497,22.0,30.0,18.227495911516694
62.16309403862335,93.82031490792518,25.255471257517744,30.0,30.0,31.973049922968436
64.54513500888885,98.20292915056544,33.69631119204021,120.0,60.0,18.13066965688243
34.6290003392597,42.72382661578226,27.056288137102186,22.0,75.0,18.604158121375903
41.02206940935169,81.7394736523089,21.573781940124025,22.0,40.5,66.29741208822847
7.015074053370148,45.491744572509006,18.183767564729866,50.0,75.0,44.9799225743426
65.42016640776787,79.28431620860239,43.86306312495083,7.2,75.0,133.60458173094176
55.00486473931923,80.44120872165705,27.862928733440505,22.0,40.5,38.85229456668052
54.748303212800145,93.52348986311283,31.519813777096928,50.0,60.0,48.9435021583694
59.84379420105313,91.90516488726122,44.26231103054235,30.0,40.5,53.104378775976556
42.29404149431585,56.6976328765376,18.244650437200704,50.0,50.0,10.614782936794219
19.380216304269986,66.38680047426384,32.51757867783406,50.0,50.0,28.58596481613253
31.706981387481626,79.77056475142034,23.22361091457602,30.0,40.5,50.176229634396904
13.93299019075372,30.326725594629792,23.59421213233751,22.0,75.0,37.775154970179
57.82514869678853,97.34559968831589,37.16230528847791,120.0,40.5,13.66558873044706
24.41782060948547,33.146443263086724,36.782545544515514,7.2,50.0,40.99471383373676
47.331244083481074,80.96029790822347,19.98765991049102,22.0,75.0,123.6482518616449
59.57233532747665,97.25803185941157,37.86636174942531,22.0,75.0,136.2461116613375
50.18518778429498,77.13484948409408,30.859698119678267,30.0,60.0,39.37533502019231
65.38807980202826,75.8892921591886,17.548988696683992,50.0,75.0,13.493973589452054
25.756559896348143,69.40625283565032,25.410070062366,50.0,30.0,18.134469375393376
7.753470761229998,54.17541872867918,25.089701828110005,120.0,40.5,10.964587842037947
9.732977683665968,42.41143489910855,35.18267958740772,60.0,75.0,27.41394298354128
40.65393915166118,88.20691736871959,37.50459688294538,50.0,60.0,50.13635053008894
42.86835884376045,87.94440843583952,16.858395557369636,22.0,30.0,61.45375628918939
8.955796412166304,85.73078276451716,18.539174508841846,7.2,75.0,797.1017704304847
34.49461138244114,76.80905342399629,40.82396810746485,60.0,40.5,25.851868683819873
12.99677142024484,48.07541795087111,17.98484006618894,50.0,30.0,16.32490890064057
69.88033245315454,89.9720315093205,36.0259709173164,50.0,40.5,14.298164684254095
41.151300483269935,86.95658278373307,23.45755066791755,7.2,60.0,310.2674537797575
41.42257238100053,95.32809119541753,33.31089023454471,120.0,75.0,34.96003642967428
43.64788909957826,53.90465497964807,37.553123630489345,22.0,50.0,15.174418507176716
69.55008663416639,92.23569919593122,15.316533673505695,22.0,40.5,48.113909928193365
48.62911456051076,89.16531338625845,27.19249609722056,60.0,75.0,46.988969074676824
51.76289834355029,62.439409735392,24.290751333155672,22.0,60.0,18.49957489523157
18.803357903766013,81.44239071856393,29.22473837637239,30.0,60.0,104.30479166046499
29.462769059619013,65.17069702286905,19.438750023282175,30.0,75.0,67.54746719276223
62.67958498697932,81.43210448503424,31.96247819257614,60.0,40.5,11.707134793032596
66.24914324012177,96.7005194401182,17.601197027869205,50.0,75.0,52.934311051622934
67.21743735712765,75.9318452505598,43.06183469003396,60.0,40.5,5.594649740775517
12.442219707098507,52.8301399338056,33.85506510708612,7.2,75.0,258.31541541367096
64.8498526414418,92.11712498244184,16.913836687607937,30.0,50.0,60.125369790051025
73.88912020778884,79.88117324760101,25.164390648145446,50.0,40.5,5.0
70.21502538612349,79.69261796132949,43.43058531192839,7.2,40.5,46.99048651857347
50.6158532574835,75.34786876678334,37.27109811269345,22.0,60.0,51.16044426727426
32.701559756707425,79.05169709588046,18.547151774164217,30.0,50.0,66.19239151357657
55.55284005687176,61.210048330770235,25.16834326045346,120.0,60.0,5.0
42.84779659830762,48.2312740735318,35.75160342404067,120.0,50.0,5.0
40.01585743423283,64.79474560524517,31.084661587582083,60.0,50.0,13.676482774582944
33.953820173887685,97.96753703646154,35.91498762871051,120.0,40.5,22.126788111854633
10.15654298168656,61.796455292360186,27.51492836927106,50.0,40.5,27.123139577420474
9.095772741010178,97.58139236665605,30.378457323095997,7.2,40.5,521.9402495620301
51.129847239335845,63.83660910018831,30.395696751294892,50.0,60.0,9.323867971372225
5.715751480041998,17.438983391356885,26.27557395545938,22.0,75.0,27.486862126249502
29.69229615060459,38.119756131307426,28.50708860017852,22.0,50.0,11.465929367131364
12.252091984067535,76.86838015608612,23.45475009886416,60.0,75.0,60.11924439737888
6.458603777606088,28.174690595116274,27.432251931554855,120.0,50.0,6.4733035434706485
5.788491840624012,78.75783836942703,41.79913481364368,60.0,50.0,55.213517483374126
34.19064639675791,93.15435876428697,41.818005320099715,22.0,50.0,177.85196410887136
77.15438742060137,91.23707327475572,28.584744158529805,120.0,30.0,5.0
48.487218203579374,66.6294171431941,23.3702487104339,7.2,30.0,51.69965760810841
34.42002811426603,66.53270691399935,36.90005163242584,60.0,75.0,26.502738574505948
11.52252651919498,41.834547983908834,43.996753181416324,120.0,50.0,10.047071463925226
64.56367589878877,88.59295651354903,43.12919339873706,120.0,40.5,8.401981364052439
6.064747585379278,33.977314425497,28.49831022806579,50.0,50.0,19.258851130398014
26.563339953781927,68.39732609539563,30.99970643578815,50.0,75.0,41.15584201240673
9.3305809600277,86.72228839883032,16.771504333748158,50.0,50.0,80.21438378454141
11.791960070069036,72.37520123121743,18.999804490277256,120.0,50.0,22.41410641135302
31.02192127831894,63.64810960170473,38.45339477786179,50.0,75.0,33.586018599440436
30.34861628523771,80.95952257731649,20.62513371356941,60.0,30.0,22.08865562494124
18.905663778054073,37.75963672080945,30.385886381309735,120.0,50.0,5.209266109240131
70.43899638720218,81.4355055028681,28.503295760550888,120.0,40.5,5.0
39.342522134530356,66.29825009852802,41.01180547136842,120.0,50.0,8.302620929774532
31.103896660799037,93.32641882569148,43.99866662688323,7.2,60.0,671.6751077654662
56.58269047743011,72.08884558112551,37.09419523857218,120.0,60.0,5.47591030159986
61.04731681698926,67.67412119432329,43.455609825417454,50.0,40.5,5.0
43.5561440574639,88.64969360681391,30.674904266717654,50.0,40.5,31.46090838381862
5.203111236533907,86.52566218782178,26.42671087873988,22.0,40.5,136.74672424995404
20.82274179649628,88.25195475974779,15.910614165990127,22.0,75.0,228.48015695305205
15.0333608745476,96.26613112031437,17.179967627434703,50.0,75.0,152.71865294729218
45.860081395707375,57.03419238600754,23.691839512146437,7.2,60.0,62.49501163813196
57.80235894437427,70.89109506348433,26.000366391089443,120.0,60.0,5.0
38.32967138383104,60.51681522356325,36.49818896880093,30.0,60.0,28.001970846586786
60.995240348315285,66.42357794603858,34.33455184561782,50.0,30.0,5.0
5.737066442734088,47.2619045598313,24.881378079062273,30.0,50.0,43.65259161832552
65.87202608336402,79.43322581701388,28.389790799596838,60.0,60.0,9.443003704356059
12.831152712358852,64.58384591436857,30.944377388454626,22.0,30.0,46.723247013402805
47.69734506010964,52.795569855622894,22.821263223985568,22.0,50.0,7.210578938561545
46.01608803405747,86.01311829273374,28.33882973741714,30.0,75.0,87.24635604107445
18.632269832089566,62.13175067249871,24.68429380343551,22.0,30.0,38.07078654944456
39.130672664028836,53.26831314767605,24.123715484041085,120.0,40.5,5.0
37.89867638269884,45.1117487021931,29.986450056140136,7.2,60.0,42.213455319198395
23.88550745381611,87.46581381968922,17.558050248350323,60.0,50.0,55.772970867916115
15.006225164240531,75.33339172833283,38.85034610785411,7.2,50.0,320.2244277796905
55.02015631679128,70.70053447111603,42.319949861516655,50.0,75.0,22.8911381033246
53.23282644633877,71.42053593631306,33.64556172102146,22.0,40.5,23.4764168799146
34.00223374905965,89.09008743088178,44.084726982185344,22.0,50.0,127.77172172167947
52.93308852460298,72.27630568631923,44.930167897939775,30.0,75.0,39.98802022445389
57.251674090489765,89.63153107875645,40.09135732231198,120.0,40.5,12.681527801896396
53.4732450243036,85.3552632238593,18.850497798440845,50.0,30.0,18.831236679381508
7.996097996457076,44.517045296956454,39.79170934801665,50.0,75.0,34.31790798636783
37.0171045867477,69.21252861261671,42.856665986824076,22.0,40.5,48.019208270763215
9.954148086662006,97.66704223134593,25.80179705792178,22.0,75.0,328.23621199642275
54.66741187471948,88.51821200211512,23.044296888357625,60.0,50.0,24.478912036663736
15.4769279452204,77.3944475933805,44.18381104969332,30.0,75.0,141.15956450067773
42.578017773845254,77.60326025225973,19.116814398506133,7.2,50.0,214.22304193849726
55.37451732484241,73.60556392551017,22.627774829667917,120.0,75.0,7.991977650400985
68.2796594532693,84.98434633593911,25.271853698875788,7.2,40.5,84.55510336853827
70.22123432991962,79.91540876811023,27.034439084753927,7.2,75.0,75.60350513954147
47.95777075152093,91.50867465159108,24.80216671705901,7.2,30.0,185.08349680671222
6.99562745582631,76.69895186793993,33.76949738824359,50.0,75.0,75.4446270471676
31.436078520751334,44.452133664148384,18.89571040253643,7.2,30.0,42.40967965431364
52.12603381620833,65.01918772837729,18.16951036346792,30.0,75.0,25.806185212040955
10.309357700838083,71.2380629630616,39.275844109702234,120.0,75.0,30.668043929066023
27.49538673485477,33.7893075693382,27.959681143903225,60.0,60.0,5.0
64.16952679616597,93.04995065091113,21.531866990488005,50.0,75.0,42.64960009346232
15.818001583857765,80.91530388161227,30.01858597001793,30.0,30.0,62.45667915394487
48.044685209223665,69.51555891923314,39.980812390482605,22.0,50.0,32.895100605118024
17.4065114096307,22.586792596819425,44.51792820427207,7.2,40.5,25.104331030948455
39.3353699419405,58.75037188489707,41.362395710307894,7.2,75.0,148.80373274095996
51.02623907965577,65.83618421882885,31.370059949059044,60.0,60.0,10.101875711056788
40.17948082925892,49.0737891511408,39.549234530259085,50.0,30.0,5.0
43.49453784278317,54.0170768100946,27.70446027747998,30.0,75.0,16.962864244137524
17.51364336541832,94.09022374088615,39.644137583285726,22.0,30.0,108.02363732811828
21.372733385863423,30.399642332363797,15.530101343863016,60.0,40.5,5.0
47.71229438889319,92.07415692221555,44.748730288836846,60.0,40.5,38.269236438456076
78.49665855187088,99.7623639958206,35.600358351723884,30.0,60.0,44.318710436208406
69.28227047074368,95.29640984354967,28.45039411573901,60.0,60.0,28.95483977321741
75.21324231248789,98.82765160847899,20.243438546248015,60.0,40.5,16.017126783394914
10.046345969113592,37.81369306123217,42.36624710344577,60.0,40.5,14.15328808544152
58.95411166811152,64.96777634313007,26.259640373190415,22.0,40.5,7.873740219884776
22.627347410893897,74.83466177933883,27.15591427725989,120.0,40.5,13.027989896781648
73.21733205352258,84.09059300290392,39.59031008341377,7.2,30.0,40.27967871793713
54.71448407259992,98.60808041888991,42.47443044572232,50.0,40.5,42.001384616880706
78.30786381530092,99.40497932798459,19.91186873637513,120.0,50.0,10.768138422305187
66.1966842061405,82.09342810906716,17.65190901440275,22.0,40.5,29.345852465792415
36.21207098046183,51.00252529095874,44.585303918510846,7.2,40.5,64.75482178010456
14.028361212915037,66.05414518422894,42.86290263616477,22.0,75.0,135.8581072140736
58.143765932586895,90.11783884557651,20.21891117710016,7.2,40.5,177.89114015243794
32.11551408222174,70.74610358841672,44.88673479133916,22.0,30.0,46.42677473424935
64.72930419647817,87.75292453323476,41.59786324507195,7.2,60.0,207.29468556983014
36.303720635035496,49.774300667044876,17.806782207370066,120.0,60.0,5.0
20.863006196132602,80.43045811694688,24.600483392621754,22.0,30.0,67.05197254966623
58.80295805472301,87.85007797364764,25.301333687237175,30.0,50.0,45.64812910008183
39.15461789359556,73.08338299037426,15.223894212516582,50.0,30.0,19.278517694011068
25.189230460497896,98.76128195932306,26.487090421117372,50.0,75.0,111.0134607454292
48.36637859174671,81.2361435338837,37.16791366048417,50.0,30.0,16.55568024641483
57.58581649749901,64.67083358074039,42.35183545024898,60.0,30.0,5.0
47.43888405580039,96.04082261267212,39.02454299579251,120.0,40.5,17.237159830931372
41.92752865259367,57.13420199334542,28.91808790364673,60.0,40.5,6.4198340830365215
76.41980109000292,91.32407440998885,33.94633136028481,120.0,50.0,6.688258155656887
12.435958420821795,68.86956202669575,28.40622585601317,60.0,50.0,32.26436985891018
68.98461289326775,98.2720698515614,42.978066225109316,30.0,50.0,68.36042192164342
54.98054785211892,71.40226231280143,32.57425182645733,30.0,40.5,15.543794936008329
53.60227385414106,68.7635304756067,36.526841479456074,60.0,30.0,5.015994693839269
71.93518204640088,78.7486928216699,24.927442973405856,60.0,50.0,5.0
65.04020788450607,95.3754691536852,34.057949620772426,50.0,40.5,24.666492662549366
12.772754486059668,75.52961295544894,23.983731718027638,22.0,50.0,116.18528725728149
53.758491756441025,89.36061682254599,15.945391292466347,60.0,50.0,31.681476524707914
51.780779456569675,62.573230922452126,18.47280138738974,30.0,40.5,11.480081009177733
7.7834989971726705,19.81923384574314,35.17044802928594,30.0,40.5,10.794365955932498
64.34830357345001,75.5065769661421,39.153576262639945,120.0,75.0,5.721313673602718
8.739510979937318,26.670756473668003,31.12743414154543,7.2,75.0,119.21473629958622
42.697258671594014,61.17978026015493,36.04090680931324,30.0,50.0,21.492453659727875
30.62559303638406,96.99476914552666,42.09572072168357,50.0,75.0,134.52143875445105
42.74153111439758,87.72703847772692,29.55871902185146,7.2,50.0,264.0546003631151
70.42959225161111,90.49410824270106,19.716116506708627,30.0,50.0,38.44148421519881
52.01246783113004,67.89686399146593,39.11080355631908,30.0,60.0,20.19358064439365
39.12176597958028,86.22465218939617,18.974119690257798,22.0,60.0,124.57668736010545
36.348806413018515,91.39497831861198,40.68460865983981,120.0,60.0,37.165602277866064
12.587421470982742,68.94181877737867,25.682018973574344,22.0,60.0,102.38704916472481
29.004254516396824,84.36891149316995,39.06747537705342,22.0,60.0,127.45346169559666
37.0656391519784,51.38497744086272,36.010436665997084,60.0,30.0,5.0
40.59082626189172,65.25904340064027,25.761810586382964,60.0,60.0,16.826666994286214
30.57249225968635,87.46667744484542,25.158336873378975,7.2,40.5,299.61864184673226
59.45459945468558,97.07719599713609,42.25041630729029,60.0,40.5,31.099691251307124
22.91338703027052,96.34385145809541,24.1529906045858,22.0,75.0,259.469733671171
7.6369437703395615,40.86789755786713,31.323258718184057,120.0,60.0,11.442021014461275
29.657009566583746,52.82969027046858,20.533055717527947,120.0,50.0,6.014960425991167
58.197209535557604,63.975582052646146,27.56798933951838,120.0,30.0,5.0
73.780758460236,91.16062024000878,28.87830909770935,7.2,40.5,98.38370452615133
59.2012680855865,75.62912894133308,42.177350137039426,22.0,30.0,19.734713742993506
14.267486555118213,29.253359815302513,32.4982859141729,30.0,30.0,9.47580475736544
14.541866520275805,93.13648354905239,29.806309787683592,30.0,60.0,163.82530957248352
20.15607020648906,33.394422985587866,26.501635908959955,30.0,30.0,8.5606914398672
27.505031217907995,42.71460937556179,23.54024216539391,60.0,75.0,12.373256454024467
10.8112719916612,17.329111323162966,18.069965386021895,50.0,40.5,5.0
44.96353492124449,73.54681141283913,44.432928735405284,60.0,50.0,20.333445176442634
43.41954229071954,73.55855795927,33.75274658059586,30.0,50.0,38.17106460992759
8.774219970099796,19.19846615946615,20.620403739803667,7.2,75.0,74.84333163840573
54.92378754694698,79.70059679104783,42.69521965857795,22.0,75.0,70.44688158344175
38.75481278118186,55.26929679593377,31.995544967634903,60.0,40.5,7.469390032000188
25.95046139574196,56.45675086585717,19.786198700652708,120.0,50.0,9.450780083716625
29.87433831327631,81.96391204618067,30.23256455587993,120.0,60.0,22.721099700226084
6.177192919720974,43.162252954360326,17.694663882768143,30.0,40.5,37.39130311078457
19.92584708113912,99.98868215751864,15.065524285717464,120.0,30.0,22.294809119625306
76.62973903446773,92.85261620326911,15.038042307464707,60.0,40.5,12.907844750593144
62.54593831367226,97.6199993621118,29.510724694403816,120.0,40.5,12.514914231261919
71.65643628127043,92.82218126427443,22.30585016698609,50.0,75.0,33.78752052535111
44.01459557929142,77.85918157630738,15.459317598807162,60.0,40.5,20.00043195611841
65.70271583277093,81.81468914012326,16.416746294842646,60.0,40.5,10.158994892887563
31.619840072601217,68.51141615245075,29.7984248201568,60.0,50.0,20.045545798910304
77.90595016059179,85.62662347477688,25.62462590278485,30.0,75.0,17.05446529007564
59.69082113756399,82.35566854475272,27.454670281719313,7.2,75.0,211.46068290193233
11.460182866177721,55.20677080434529,20.21932198565411,30.0,40.5,39.687465748828025
51.468694462031515,85.35129539732155,40.0887393930738,7.2,40.5,205.3801803373566
19.293203488789537,59.27272199731718,42.09083620478435,50.0,50.0,33.850832578920134
75.56599297561135,93.60358590202209,34.932713597780335,60.0,30.0,9.830013457354234
63.13113502543394,87.95155281624915,33.2037868746401,120.0,60.0,11.480751962200781
43.16639413806843,51.40310607540089,26.518410267124658,120.0,75.0,5.0
11.38577274170616,41.71629885646963,37.337909278892276,22.0,75.0,67.30170962926289
27.034585299074564,77.71091491533197,36.064702955907116,22.0,50.0,80.87574357598271
52.339105854505334,64.31913156120899,31.9681058324413,60.0,50.0,6.779258444098418
50.0818375547227,93.19968450503873,41.659263415095516,120.0,60.0,26.23521140300051
30.663980431899308,48.17498920729437,31.85844329979718,22.0,75.0,41.96978453979108
58.08149057040486,76.37187407768226,17.301701983680683,120.0,40.5,5.200051048002898
56.194945983597904,95.01310592116886,22.124581270865995,7.2,50.0,279.76388981337124
36.61333868827179,47.12489214255244,18.77117719536347,7.2,60.0,65.79984120727272
12.89146664286273,73.07002370251865,34.06283762108916,50.0,60.0,55.437530953884405
78.50040973976127,93.33843192025458,36.29211254403061,30.0,60.0,31.352621457176873
63.1904217158095,82.40242204979589,28.42500743431285,7.2,30.0,67.34855925069739
20.679359658564962,88.7391008191564,42.1805721313309,22.0,75.0,238.38375623144645
65.06020159838934,88.98581967128965,30.1054053389399,7.2,60.0,174.49770279052865
19.4518321019726,70.26319227884116,35.3239006271992,7.2,75.0,399.5441598375117
76.08271865241112,82.0985213958178,18.187371254086816,60.0,60.0,6.195204752227838
71.90441451572705,93.83064837830335,30.250664626937766,120.0,75.0,15.447788469019413
37.00927791454395,79.62989706015638,36.81805411357302,7.2,30.0,125.96720549829362
42.364197438048436,64.70929523561473,28.218093421775244,22.0,75.0,52.061553034563666
20.263333124891485,90.53543205067942,16.792868225351533,30.0,75.0,224.70067773584944
20.620825636515935,40.88492629225112,20.685571297121303,7.2,40.5,75.57424191398603
60.14384122300951,92.93593951948301,23.08253667988715,50.0,50.0,35.11046610965051
49.006108922550716,58.73911434706799,36.903905633292744,7.2,40.5,38.39608338836536
23.910796687920765,63.802109982427524,17.265998074707227,120.0,50.0,12.27930993135223
76.58170852408054,97.68240651912743,36.23822747219984,120.0,50.0,8.831469169654984
15.80024179398666,99.95785734950434,33.671277944195225,7.2,50.0,643.1364496149141
79.763696321108,91.32053560157287,24.608962274902275,120.0,30.0,5.0
56.39010903273996,99.30105055056525,35.733176101615534,120.0,30.0,10.91730206041728
57.674373456478015,94.47465964126656,25.698267386231585,120.0,50.0,16.08614142702661
21.476160003186973,59.49449551153149,38.89355308613428,7.2,40.5,140.66950490930694
45.50594914416468,87.60739665791374,36.82689106296602,30.0,40.5,50.798469952242066
77.78289116630731,84.71785199394652,23.05514751758506,50.0,50.0,6.4099367401988365
50.284456796458855,68.6511019758491,27.324491867022832,7.2,30.0,46.38191559361086
32.88775884248146,39.49267531627322,21.653384758006393,7.2,75.0,44.24351748933082
40.583988488339244,46.126474480415254,17.542984632789995,50.0,60.0,5.0
31.16528124539678,95.09549632327419,21.19929554675116,7.2,60.0,557.4471500416817
69.10062810381976,90.43163324971633,37.41708414118651,7.2,50.0,156.22678457359712
40.37740751684071,97.8032861553716,35.28472000360336,60.0,30.0,30.71420080780577
11.00137023182595,46.195905917692045,40.75108220158975,7.2,50.0,175.4354666775037
10.65591319945912,36.772191617656496,35.07946249090505,60.0,50.0,14.654965568379676
19.137488959667085,85.20429428211827,44.01984334060409,50.0,30.0,44.429811711642984
42.70875813850104,55.26152126507876,28.26198639354225,7.2,30.0,34.93593631277341
5.637168395540713,78.64281789984784,36.39042875585223,30.0,30.0,59.711464776916515
76.63813703585993,86.04776773263568,24.70573841211114,7.2,40.5,44.90825275352175
31.71454575960346,80.82533095790113,31.803479490280452,60.0,30.0,21.618289997370024
38.926477885903715,53.426588696302716,34.104643928530585,120.0,60.0,5.115878708372406
42.7282810667766,82.33800432778511,42.37798036774171,120.0,60.0,21.06518467123149
30.476946385969033,81.87027646669895,23.609603984146297,60.0,50.0,37.15483922724426
57.13398619593255,85.468563130113,29.486356023475306,30.0,60.0,54.54732109156049
48.619162838731654,78.36242152928287,32.89180799077385,50.0,50.0,22.529302191464872
24.379448590277757,87.18895389949243,41.98801784289707,50.0,50.0,65.52579892358071
50.408336397900676,57.954286751999845,35.18477665674253,22.0,30.0,6.878828864451148
42.627437450481864,85.62206448032238,18.39693669777376,60.0,50.0,38.186677981934636
17.875864628241267,85.17916687648209,35.78635283089957,22.0,40.5,107.6068088308452
15.379818947609342,73.38816791592625,30.74016920056867,22.0,30.0,58.80978641450314
11.405186321815536,54.006467116456065,37.69068164230903,30.0,50.0,49.3998153785609
25.07513278957232,58.786192170732704,41.9579073170691,22.0,30.0,33.5454575434225
69.87462321558323,82.93031917224216,20.34994537284649,50.0,40.5,9.00986300716975
9.918430448497723,76.97824168126512,31.791523077849405,7.2,50.0,370.6392544225394
72.01324785449884,94.40937414774267,24.960021063530377,120.0,60.0,11.65124398346373
30.92202777771192,87.67795774519328,22.390447417269055,50.0,75.0,75.59832517423555
70.58563274627318,76.64603068088634,22.830851746075442,7.2,30.0,17.647997544104626
43.77547124072815,75.90258225401925,27.026464053837312,22.0,60.0,63.20517097642904
64.92114215537795,94.07558275805164,27.457843127184617,22.0,40.5,56.832247118274005
31.664734786400572,87.894004876376,23.84104109656584,120.0,60.0,25.426364214148105
68.84458755215452,94.72927225910544,23.014957877639695,30.0,60.0,55.005787524621695
42.3649039671264,70.45422427453508,21.54819596344481,22.0,50.0,48.499495021095335
57.90172776455887,71.94029773719471,29.058054303645296,7.2,50.0,80.29168846453175
37.07518143681268,76.60207649787483,17.68956693707037,120.0,75.0,22.52077628210928
40.55765568817002,45.78120700012715,15.330400750068224,22.0,60.0,10.977841116025633
18.340984659547146,91.45507165504866,28.257235349367775,7.2,40.5,454.7960591699
69.63828674711225,86.73860913360315,44.83692770053574,60.0,30.0,10.122598429358105
35.59206775851428,57.666058015238015,31.736375507336568,7.2,60.0,127.579804528561
47.92363892225574,99.96268251883471,23.605399369416,7.2,30.0,226.47011111572039
26.388994700753585,85.78654724847033,42.172703719093434,120.0,60.0,34.199536772047736
29.619131695800277,41.996744476232884,41.10074776560497,120.0,60.0,5.0
60.259592653264775,81.01145720277309,44.67839835319155,22.0,40.5,41.508165011776946
49.91623210679879,67.28774644355359,27.00088907958874,7.2,40.5,65.84057311685373
46.290897546499664,91.51917178266307,24.105117274438566,7.2,75.0,504.9405522978549
26.41847121789773,97.36725402206994,24.385338840170043,30.0,30.0,70.71647307355943
13.290737473143539,36.21688267058631,28.93050749646425,30.0,30.0,14.72623595683895
30.027815568172244,55.5894837731322,38.21985261882027,120.0,30.0,5.0
43.151296301305926,50.988155340373865,31.064117237740145,22.0,30.0,7.292535643499134
65.01144862938129,97.96465002220197,38.1068629694962,120.0,40.5,11.024335139624196
21.015310841296355,76.03584381632737,27.15003295762645,22.0,75.0,140.931373987165
75.13689292824658,87.35360807918009,26.708637259894093,120.0,50.0,5.0
48.92031258796304,81.16961426131031,36.57599086787301,22.0,40.5,51.84015724811502
67.80881711260504,81.23443065619256,30.225272834079945,120.0,60.0,6.484437045084311
73.13075804514271,95.21699225032489,15.582037368546462,60.0,50.0,23.352209176728937
52.186012547773935,73.03973524803882,21.78454799406355,7.2,50.0,103.65020841844351
20.04740676099301,78.64876270357558,24.448561857562783,22.0,30.0,58.52540963835023
11.218593604586086,68.16317729035538,25.206689833537713,30.0,30.0,36.2213807680564
41.42230505240941,84.15040819175844,15.893715120978666,7.2,30.0,190.84982583798796
69.08413123890526,74.21071641925414,43.09983913754043,50.0,75.0,6.806857240683647
54.4518040459133,80.15907776969546,29.31144675538064,50.0,40.5,17.70815980398037
13.65522194858061,83.85627148022819,30.881718640426005,7.2,75.0,631.2906211633733
53.25272938023204,69.21181751750666,16.570415352939392,7.2,60.0,103.09163627502382
41.2299683894977,68.60210148957565,44.335610805053456,30.0,60.0,43.40099923897573
17.95679887108155,52.18433895491916,42.325026809692616,120.0,60.0,12.621759135687002
68.78837389828,96.7981793890465,31.48285836865548,60.0,30.0,14.567643551906762
59.14873602137336,95.04804950535727,34.62232658867243,50.0,40.5,33.649832083517474
40.637814951697116,62.88471689635694,37.989122133567,22.0,75.0,51.17642976273641
55.47561247165078,62.331852502936506,31.989686404995965,7.2,75.0,49.23967821328555
64.29256645183663,76.75279500167605,42.25095781239245,50.0,50.0,11.980584893281842
53.09492819426523,75.42873338123135,23.784386002115063,120.0,50.0,6.9144441299414625
77.67258965617248,98.84040903350511,41.12014404642962,50.0,30.0,15.492803382488542
13.428953699169552,24.59820160926624,32.31192135677108,120.0,30.0,5.0
61.15041314382431,94.17533080310118,38.13729222099534,7.2,50.0,250.70773641006238
75.1116530332851,96.71756307773092,40.27603525055405,60.0,75.0,32.90272012666459
7.330109768334224,95.34498302408379,22.2213775699052,120.0,50.0,42.513232250447274
48.4802836204829,84.51064902863884,42.347306617891576,7.2,30.0,160.98886477169438
67.34343538174569,93.54961397604951,25.519280743714408,60.0,50.0,21.325731215713276
55.6919467122658,70.46885774540034,15.46494725478571,7.2,40.5,74.813010448675
69.9233777279549,80.97561308655784,17.35608728378396,30.0,60.0,23.981693463581436
28.229993670950904,90.56887185595984,36.013645962730735,60.0,50.0,54.73693245768273
5.218378837534155,11.064108777857232,39.26378919578082,50.0,60.0,5.0
69.75725108913254,97.90387022820819,44.90423138036562,60.0,60.0,36.94082432876286
42.932962540190815,48.8695512606023,42.98313839718284,7.2,50.0,30.134742095268873
20.389035717860526,61.73073403484062,41.347574031970396,60.0,30.0,15.795338014081223
41.78368225519625,53.15616540096036,39.07968732456659,120.0,30.0,5.0
6.1380649284816275,36.35224001142254,28.097451652254733,60.0,50.0,16.275300379949446
74.33707120805397,90.11781433025186,15.402283616163693,50.0,75.0,27.650572979667835
48.04813812738064,82.97547143923823,31.701277696585617,7.2,60.0,261.1038578047353
53.60765954458036,59.36755602528756,34.61982664260745,30.0,40.5,5.05984746322177
74.24178102389214,93.54999210960106,18.813078413122213,50.0,40.5,19.709315585457556
8.27456965347564,33.79667981445783,41.6924697088614,50.0,75.0,30.9996064557128
19.340788831005636,48.00253498193081,29.581325954539626,7.2,40.5,112.86362806740473
59.29918731767686,71.86936076574985,18.15292650640915,30.0,75.0,28.905890362071023
65.32808106032755,72.28137883641038,35.77718400232745,50.0,75.0,8.245075793895381
70.95970201339192,85.81679602826087,29.45984753198601,120.0,30.0,5.0
61.42513834834137,97.03168770479769,31.623784900748227,120.0,40.5,11.805721686126986
78.80891628696779,95.7296655924461,38.22753443102013,30.0,30.0,18.130364729626976
8.480216451134424,67.46505815044866,33.782943059611405,120.0,75.0,24.706073676980925
54.17220590857381,68.94061749153937,23.415834655662028,22.0,50.0,22.07442714809914
28.582557935855405,72.16900537954717,36.896673531107936,22.0,40.5,61.94493863293077
58.33413627614644,65.23951814848469,40.792434170552006,120.0,60.0,5.0
66.33879975611244,81.26320011019816,39.23217879602144,22.0,50.0,33.2587577759112
53.945151141158,77.67024827288007,26.93320054593119,60.0,30.0,8.262024607168474
28.610379419042623,65.84238355035878,29.339986351629342,30.0,40.5,33.631463527689085
50.38034400783078,80.36246693206239,29.592151066085346,120.0,30.0,7.16831604430744
45.632023995576155,57.103171462877135,37.98471304748334,120.0,40.5,5.0
70.62407660394886,77.64089915166895,42.45250000074224,30.0,75.0,16.180914729454305
33.73733514193443,87.42050159404732,28.689504616528872,7.2,75.0,476.7816947095354
50.874175673451056,80.83824193554516,36.44106949146773,50.0,50.0,28.281069554967974
37.901352717484514,73.77787458312488,44.03909390309867,50.0,75.0,45.289255008832086
76.05709985448449,89.07672869239285,15.27930872287061,60.0,60.0,14.31232439177422
32.58880209555939,46.50262592068191,35.87644723105455,120.0,40.5,5.0
63.466465159644635,69.1743693171936,32.99657364158324,30.0,75.0,10.04552631158367
69.70780830944192,78.82797347338492,39.37240972871702,60.0,30.0,5.0
72.7964798892417,84.91632181280323,31.570140403665086,50.0,40.5,8.54677622704811
24.221928152691316,42.699028255039636,35.09860472577654,60.0,75.0,15.481345460284757
41.36440547870777,65.40477956754353,24.621364949528818,50.0,40.5,12.496808302599328
10.379880336118129,71.2181474297812,27.947529873525276,60.0,30.0,22.657707413282854
8.78416779650928,22.799142198885882,41.43012254444123,60.0,30.0,5.596399301276942
26.263039270320455,96.45490194181626,40.273923205067256,60.0,30.0,47.20992057479574
49.076356279625806,95.21442902169272,34.595615674734375,30.0,75.0,121.94131227372098
52.281321378601575,69.79469900288734,26.206208889428865,7.2,60.0,97.21670269754196
58.542570004744846,81.0428112238318,27.071806944432904,60.0,40.5,13.199834912317002
32.19374094460078,41.36441277670613,44.680485421261174,120.0,40.5,5.0
23.44998052300964,66.52080313922428,29.47068625748259,60.0,50.0,23.516765539540614
60.36130661312673,71.91282392278161,32.2047529167293,7.2,50.0,58.944774616174506
31.42316631568837,51.30381855049594,16.493430045691312,30.0,60.0,29.996311953814164
75.80309587106956,88.41039248759773,35.81590026985184,7.2,75.0,115.42223859224308
51.46761685839947,85.8751507537207,38.319975422465795,30.0,75.0,71.17819476681291
17.162804535289105,98.82580769382692,17.279805189474953,30.0,40.5,142.0054815556211
57.94928022214951,71.62652395859409,23.089031976576127,50.0,60.0,12.121217750994122
59.87596990906113,70.29025219229426,40.6693099243484,30.0,75.0,25.240204419408755
43.93722796809053,64.15687380903339,27.676181406715646,60.0,30.0,6.538668226579122
32.207534985310694,52.96764035704717,35.503034611617515,30.0,75.0,35.57304797032549
68.10047892545361,88.69591896552194,33.56805488290301,7.2,50.0,128.9616977185505
53.73979412769312,59.758809714711724,39.30777391551861,120.0,60.0,5.0
14.643468388375185,21.120500974302374,35.68915558976718,7.2,40.5,22.788182060454346
40.178003499947216,72.83157516317696,32.55233449119648,30.0,60.0,48.66824328733164
10.338517723856468,22.917430278329213,28.01334823221461,60.0,60.0,8.107183780985523
56.59325685914933,94.77494779336796,23.96589566360603,7.2,60.0,353.82168268683296
38.289199335542705,53.95172119524642,34.59410199875566,50.0,50.0,10.355064535760556
60.06708508895625,66.99222545178182,41.63618795553991,22.0,30.0,7.23188902973793
20.777906114737682,27.48850927423484,41.90239649723234,60.0,50.0,5.0
14.555605377157175,70.980721019535,17.254288595327598,120.0,40.5,16.126021886335675
58.09608700258918,83.66724128250004,22.680635191845393,60.0,75.0,29.688124992003043
37.7861078783776,58.11219814792714,33.120149932185,7.2,75.0,136.18256726095288
35.352940574687764,53.78588186428579,22.71288268185335,7.2,30.0,48.24712659570338
33.00834433590766,61.7842837660103,40.09860631102974,30.0,30.0,22.79183537307085
28.135190943701474,34.47556287478906,32.47706727644434,7.2,75.0,40.4594036110844
45.81373617326013,51.207626693202464,17.852809431321884,50.0,40.5,5.0
58.73397361690925,72.7868697329347,41.33138882090819,60.0,50.0,10.926860660085918
69.40567973849808,92.15231816636359,20.10777456376308,50.0,40.5,20.279733589178942
42.7714953480201,93.05778701324755,43.58018599497227,50.0,60.0,70.95730148133627
14.733722429195845,64.42745949181452,43.39135960075113,50.0,40.5,30.52468524665254
21.827688177386452,62.96377551908647,43.848060767246366,22.0,40.5,56.91310843942222
22.940831602566405,84.64965325488127,16.691455615596947,30.0,40.5,86.23164900522099
59.646136759458265,77.19130393711686,33.38053034023822,7.2,40.5,76.16537938609538
24.458687830105724,35.42992198151149,18.5781501611923,120.0,50.0,5.0
7.747227319911455,29.82661113910742,39.802272857275696,60.0,30.0,7.7994773683122425
62.88372043012609,81.30535401404201,37.45219033215113,60.0,30.0,7.781194784353312
67.22328540146962,91.77633329712806,43.37020611152414,22.0,60.0,82.87879404801852
24.142432575821257,77.01692738587371,31.277263576067405,50.0,40.5,29.8012662597606
52.31382789838338,72.23628172981329,23.780143372782724,60.0,60.0,16.031550224514778
25.609835807592543,81.4834444591184,17.82179460685766,50.0,60.0,69.98469805997668
27.352949907083826,60.23006713360053,21.71335158812929,50.0,75.0,33.224618791453416
60.07040228980366,78.03298875971403,36.603049636174234,7.2,30.0,55.89685927202368
33.720303671871285,52.32943272520451,39.73879058402679,7.2,30.0,54.50935173526902
8.58791093802791,87.05304478507654,44.92747778837917,7.2,50.0,559.8118828238493
22.34856366967201,80.73650947205715,24.13726098865705,30.0,40.5,67.07766773761668
73.58312971155038,96.58685002587792,40.42920988527766,120.0,30.0,7.318065855160672
18.41308013808495,92.48805681123521,26.915606589513864,30.0,60.0,146.11820392117355
74.47099713863054,99.21232795747378,20.684704376988126,60.0,60.0,27.668751001097846
43.50758728443651,82.00888689517167,41.69062237714995,7.2,40.5,231.61908723491584
41.64536944084886,78.83006363398167,24.76743397557034,30.0,75.0,65.67690588439146
29.496642931100656,75.325830851819,16.689998333977194,120.0,40.5,13.30837193257641
37.872395602487444,57.879435087185556,19.941532408289426,7.2,60.0,130.12057090537002
63.42540454430282,69.05856074352339,41.71408721951669,30.0,75.0,11.320870550204827
19.238949520322684,32.585705084311265,36.6386180692148,7.2,50.0,61.26708366672148
68.1369023273947,81.169309145088,24.49794181231707,120.0,30.0,5.0
67.68373031409509,84.02445080954033,37.94636490265406,60.0,50.0,11.694063363490617
75.07023435979077,90.48813426641155,23.74764384483472,7.2,50.0,117.91492316539137
46.66438010470397,87.41445272040964,29.977287225743243,22.0,50.0,86.53185736165149
58.92430676399248,84.47018170510424,37.15053831363584,30.0,50.0,39.850531489173335
55.85918761524848,77.08030715166852,35.686026267162454,50.0,30.0,10.51297057337235
61.30926733848408,88.03035573799349,25.658689296579563,50.0,60.0,27.222018307759793
40.963942783351534,46.820605868244336,17.759535320123998,60.0,60.0,5.0
9.151234191357139,26.56322387639669,35.85775202266301,22.0,75.0,36.60707716134508
35.55367093393553,51.10001267419547,18.289088476055593,60.0,40.5,7.820164448624627
36.842945538946665,96.14296053205648,31.271596805713163,120.0,60.0,29.752297281162182
30.617722470820635,91.92683546115188,31.916010956753,22.0,50.0,146.2014504430193
17.18867335678365,74.64888481160668,19.004066378463854,30.0,40.5,64.49204652910795
60.62283639632157,76.0267528994663,34.871155797382606,7.2,60.0,91.56725303920727
36.90173722024877,56.263980653080594,37.45125748284548,120.0,30.0,5.0
19.73309864170894,70.93538083379228,17.63152925159893,30.0,60.0,92.2483705878147
44.58755281709555,89.30907963486581,40.21200994468021,60.0,75.0,56.637998099154665
74.28073484499863,84.0421533672356,37.48549245470342,60.0,50.0,7.714175844856231
52.4354151808608,69.70660640681243,34.15365211956431,120.0,50.0,5.0
55.917563167265556,76.23661761701192,22.908163194206445,7.2,60.0,134.84861464545392
20.25597516487363,36.235436200517,40.67468721371711,7.2,60.0,105.52849305721823
65.04979561439833,83.64325354748759,35.116215195182725,50.0,75.0,26.531077012842513
69.09264980244807,80.74960300988025,15.627285370057049,7.2,30.0,49.30176270588429
39.46266999277381,64.5954925720415,32.599389833247756,22.0,30.0,21.156222457577957
52.327563178403665,98.00451646594256,31.22958706584251,22.0,75.0,168.79199230796132
18.816492447226945,57.09802234178151,26.77146302798164,50.0,40.5,18.793026588380403
44.61699557953677,82.96441733020153,21.224083141766314,120.0,30.0,8.491066096404971
22.742594390832505,80.49001091594776,18.952313988958924,60.0,50.0,45.06337273951383
73.4590539039894,81.00868827393793,34.372775338140976,50.0,50.0,6.68102845903454
35.78920882635709,54.487549171942206,19.091133150883753,30.0,40.5,18.356587941670583
48.11292783949062,71.97441388840038,26.23947657044486,50.0,40.5,15.721824868311645
27.331561525418326,72.91262272705944,38.29460643947,7.2,50.0,250.01031594713007
6.158557079980846,49.869826071766816,21.72820254725716,7.2,60.0,250.5730926238615
12.036640429658236,59.56232309520993,31.92584375396236,60.0,50.0,26.529872809355627
28.745182612055967,60.2573971425759,19.514864942177567,7.2,50.0,161.11455464125112
41.79601819236493,91.95383335858232,36.181743439140924,7.2,60.0,474.5207639629623
48.276530126791876,63.60931382533084,23.07359257914031,60.0,60.0,10.310305340094105
26.922728491612816,87.1393351681779,17.627267202485243,30.0,50.0,96.87016864179604
5.1760605400589865,32.164949512367265,35.41749278756302,60.0,50.0,13.96619899997113
37.7183336273238,98.39329767613661,16.126569601801368,30.0,30.0,78.88843079141961
69.76185878471136,94.25889304761523,20.065008199577104,120.0,60.0,12.833025390605538
30.290152637671458,52.277044351057434,18.65667636241077,60.0,75.0,21.051821796519516
8.624330664154767,62.27593118192448,34.43466914473307,7.2,30.0,160.59968687195686
77.66123311125325,99.85943214293145,38.69285321203903,30.0,75.0,57.06879328418051
10.923544952467378,74.21353840170505,38.54170245538075,120.0,40.5,16.74805181740525
23.304800822543847,83.03029232885234,32.59378537124393,50.0,60.0,58.9604303900198
6.961875674256489,72.5612249057345,33.123918865696055,30.0,40.5,65.3382961468173
24.441150032898985,30.77666257997856,16.076782535667974,60.0,30.0,5.0
59.877895454236366,89.78581427474168,21.01019463289327,60.0,50.0,21.127013263416703
37.900377260228666,87.55238648345518,38.51857554293523,30.0,75.0,112.87087867881985
54.10818134631952,68.44892987472784,23.220353411566425,22.0,40.5,17.552817581588382
20.71394182343991,59.538519821182106,42.253126436167946,50.0,30.0,18.59188580974032
12.181564899751825,93.5875677407227,32.05416606470459,50.0,60.0,108.3130418336241
7.978340567918542,86.02502094130443,28.445125410639555,60.0,60.0,73.099473237811
62.91802069199574,83.09963636189578,33.53180772185383,22.0,60.0,47.544005117158854
68.13565317716142,94.66345279772892,27.315144640450697,50.0,50.0,29.51132290501729
22.072440186454426,65.31830316739271,39.182902438822424,50.0,40.5,24.318149947717774
70.58109156473589,96.36167462422277,38.31612742052556,120.0,40.5,8.662337578996052
39.270413742368675,96.77648464780194,41.63578049206658,30.0,60.0,148.74290359331317
25.354114117757362,63.19971081667903,36.32963824391049,120.0,30.0,6.652163208753486
73.37290173014776,92.48425307096558,38.21402245707102,30.0,60.0,39.104338356688224
69.50551392423446,77.63185303689703,28.00391099199371,30.0,75.0,13.940015232216057
41.08442688626342,64.05814493600526,28.473702417907525,22.0,40.5,29.72492570580727
10.188064287906288,43.27848153230456,23.474961798628936,22.0,40.5,39.69843118484784
74.82694947313007,99.02044990082268,25.843959854955465,50.0,30.0,15.819743769634837
38.59577301557775,73.51670307543193,27.47322940744722,120.0,40.5,8.881600583567277
32.945382768280986,52.23921904646251,31.830205092447624,22.0,50.0,31.04908761189467
35.691911014384694,85.0682228542194,18.40386575119722,50.0,50.0,51.087306524532615
33.96169389453659,97.21646414696177,42.31929047503636,22.0,50.0,176.74199671488876
51.999397931850574,86.44505601796429,18.763253533515602,120.0,50.0,15.360849652248557
29.826219462117116,83.0745686195032,24.382821822654478,30.0,30.0,49.307178328278596
55.93687593076676,99.4121123408322,15.86508980765116,120.0,75.0,35.26082458439418
7.424244899456774,57.979658286638504,32.01386122597119,120.0,75.0,21.741122802312272
15.015731712916336,44.85700704853226,33.47178160335518,60.0,50.0,15.95504863239037
57.76462551361478,86.77608178052935,26.21816140811324,7.2,75.0,274.6842450235767
74.0802114724686,85.79411297310189,22.567585015655112,30.0,40.5,13.046197944500287
75.72655322343022,96.05034808236937,20.43750766654656,22.0,40.5,39.526096626520314
63.74675693291498,98.83690455803358,18.79967618541582,7.2,30.0,162.57132845445167
6.462698570789017,82.79762664565722,18.24508162652278,60.0,50.0,65.95245023534987
19.916877720351305,42.960276299661395,34.7805090929775,7.2,30.0,66.97104146097804
8.024392979071303,21.266938273750412,15.203645220707694,7.2,50.0,77.35071760020342
26.66074774655672,41.86161211773057,22.22988773987754,60.0,75.0,12.338486193470773
70.50435934319145,85.17989907349614,25.050257098730874,120.0,40.5,5.0
55.797796947360574,72.15007693639494,32.31599239267684,30.0,50.0,22.085865782100925
33.29389892867716,79.27132377028401,22.652616672641944,7.2,30.0,141.8403432998204
18.050783601209314,81.59061624967107,15.475142128346226,50.0,60.0,79.25537129233152
47.212267791095215,67.18739925674151,23.853265805528558,22.0,75.0,41.94812293365416
12.32140704013617,91.5499010778952,25.49686390942196,30.0,30.0,80.87944581958597
49.199873371079605,78.25139088014775,21.089806775735916,60.0,30.0,10.669921013749882
38.20737176464209,57.59026484813315,42.276971293845044,120.0,60.0,7.5048402390872315
29.605226336424334,77.79107415097582,36.91241258645378,120.0,75.0,23.707446124815668
8.044698897678005,47.02274232733283,38.72549032899538,50.0,60.0,29.23967929407324
23.540383919797492,99.72050195193708,18.101340216058798,7.2,30.0,377.92666092402555
42.32659696608291,72.40022751206958,42.045168583539095,50.0,50.0,29.26186369962214
32.38204401738544,75.67260178855162,35.880942209673414,120.0,40.5,10.880145511026317
49.170201692191085,78.03173154170632,37.26603027363397,30.0,30.0,20.82279284696414
30.166790127249286,98.44530984007004,41.20666728681266,120.0,40.5,27.189042586860374
72.74758455415694,92.70741236305925,41.92585867130593,60.0,40.5,17.845312415134167
11.997339160755764,60.23127016352927,40.09152706893677,22.0,50.0,85.88331365858127
20.582797207979628,27.09200151417568,29.38247395881306,120.0,75.0,5.0
18.397165756572463,49.26961956650167,27.55348491526374,30.0,40.5,26.94490921008462
69.51899647997783,98.61853838002655,42.89575501501683,30.0,30.0,37.86649080090018
42.12370960343458,54.04686851287599,35.88664308363817,7.2,75.0,89.00698207473238
14.445548078562544,92.19407279053618,40.926918067846714,120.0,75.0,59.64795895525654
63.93563631832625,83.30156307070727,43.228973635283815,30.0,30.0,21.595881327603173
66.61832688206285,87.3556556721808,20.393934404852263,22.0,75.0,57.59329289510776
59.84158324049347,95.49919866235209,17.941735456873726,60.0,50.0,35.124200338971164
62.19283345936647,94.53359197533361,25.44080889566158,7.2,75.0,358.9954337048957
79.97807283663732,97.64610857082279,25.8531001731894,120.0,75.0,12.07237171221956
38.54993199996408,88.13784356824284,33.55038921136372,120.0,50.0,18.879374952946772
34.76670448167797,84.55282620569605,32.42211419392056,120.0,40.5,14.917424831658487
48.16257638517943,72.99535906522436,30.44782526582016,60.0,50.0,17.06132429305438
47.17837852883016,84.25839812965822,36.09281711278298,60.0,30.0,17.581580809924255
62.50289284976112,99.01068651213976,37.38763035438865,30.0,30.0,40.58804797107216
31.835995977695717,54.23502052163863,39.21632989276252,60.0,75.0,19.67791323309169
68.47155023648452,82.92540468356246,39.974961029578985,120.0,75.0,8.268767250246619
33.49699641948144,66.0801850031371,44.41944658692149,30.0,50.0,41.97753495286409
63.155713594437096,86.32871206826518,37.82114418131685,30.0,75.0,52.75858237475494
73.09045077014305,87.27247454082725,38.49950670658084,30.0,50.0,19.769772144958495
14.774296002674612,35.74581470271328,32.6310968502443,7.2,60.0,117.5341831532418
6.66008382721228,68.26037137066301,27.417781741577667,120.0,50.0,17.7786877417605
36.21627732742358,51.77731914931018,35.67327244460472,120.0,30.0,5.0
13.625820262107336,75.16628722030251,28.246418666394913,7.2,30.0,209.28241471858226
20.283202564329777,80.79022277252196,35.56809199634623,7.2,50.0,342.79924799071864
28.1635456086215,74.02448073142092,43.92162390394468,7.2,60.0,353.29361961278204
17.83268588100514,90.21937912961222,36.147333981940086,22.0,30.0,97.54339843897485
34.39558923413281,69.09200812447608,18.312284930301786,50.0,75.0,39.365378963712246
62.30276173756038,67.89255156239007,43.027598972890836,50.0,60.0,5.458288411059777
75.58516886378354,97.42708878950552,23.626501182763295,22.0,60.0,60.56332770553628
6.67043413004179,88.43956900768285,31.62386148631369,120.0,40.5,24.90711256229731
64.02264863275566,72.62681544502267,25.804864596413747,60.0,30.0,5.0
58.445105547379484,88.59598854785088,24.579506400641222,60.0,30.0,13.082866773828625
31.73575031358406,47.03365821183426,29.674020951477218,60.0,75.0,12.800767598691808
6.687824557151485,50.90841018665267,38.44068655185601,60.0,30.0,13.26032385892876
46.77856896441756,89.7456571589515,31.24006148103802,50.0,75.0,62.11799136297355
60.0581435923177,88.1789359259474,39.508730621827866,120.0,50.0,10.166121112747126
66.18914418092677,94.31171526554662,40.37125745150181,60.0,60.0,36.36256916082634
31.810223412630616,40.97405170188587,20.01167008406357,22.0,60.0,16.151483253210625
26.615202038752912,49.189529935702346,34.92458295163446,50.0,30.0,9.27845356213995
41.39605378326487,75.45118006153231,42.57114831086013,60.0,75.0,37.93414303385983
34.48778259231981,62.95226194325515,23.60600624948382,22.0,50.0,39.82187179803521
29.660135343384024,77.74054599015865,23.81884129230895,50.0,40.5,29.820905609482832
12.943676722158013,19.473747045037655,39.13925092004032,22.0,30.0,5.773727933680977
28.226146873471357,42.91054133542534,37.10415320162997,60.0,50.0,8.92522631215785
9.971764058491267,46.16062140490963,27.08134948955101,22.0,75.0,83.88263324121401
16.60136361386459,57.00203446696983,27.240602738552433,30.0,30.0,25.587752054447492
32.72323382168911,58.23130379223327,27.706217317245244,22.0,40.5,29.626211306655357
78.58483967836631,96.04440677574348,30.344431403651498,120.0,75.0,12.49981708730756
48.67680912979744,99.3546012264465,34.092862312585474,50.0,40.5,41.533109728715814
24.470796892490874,59.83316627481127,29.017240332265114,22.0,75.0,82.19877575560511
26.689486397440227,86.95117196659567,39.01092565366036,22.0,50.0,122.88783237716427
67.03686113207175,83.92126265740347,23.263400393715273,60.0,30.0,7.47164855849884
38.009057823870215,48.20306064601805,36.558112220705866,50.0,75.0,10.279769922709956
22.083375621335108,69.65634958901178,26.143900180034144,60.0,60.0,30.197889115401253
16.681371714914736,90.63480746012003,28.011711084942633,120.0,50.0,34.00050696805878
46.562729120825004,78.63145576561027,36.21093507968653,22.0,50.0,50.91560615415818
42.32371658789136,58.60572557734525,16.802195050649473,22.0,50.0,27.784203208540575
15.787585324273316,21.51963385731331,39.24471147072638,30.0,30.0,5.0
28.6740220236743,39.440373411420175,21.68850025673261,22.0,30.0,9.977914336636173
24.785455620976816,30.632940628793992,30.568120927942708,7.2,40.5,21.170541494584132
40.33794195336064,76.68125491221831,42.83701889586081,22.0,30.0,46.117312666303334
72.94802476319454,96.99093149544213,35.22175358261087,30.0,75.0,60.339665251487254
54.80943044625128,76.95440191664376,41.67358067182329,7.2,60.0,173.9587564491041
42.17877575587066,63.72506336387029,37.60998413728744,50.0,30.0,8.591075211672068
51.754279027028566,85.54362298755909,21.412207861833657,22.0,60.0,79.20992758901315
65.48021144349308,85.54259794125282,44.32275125068265,7.2,60.0,171.35272265689497
36.95864591230846,58.64863789557494,19.809614141008034,120.0,40.5,5.133247374720149
51.3097060934916,89.54322368982207,29.421703694069194,7.2,50.0,225.89249138792746
23.85726141405976,41.20565909122677,43.735059133455096,22.0,50.0,31.362986605467512
20.741963172874787,62.26770628489418,15.588315974227609,60.0,60.0,31.265919155954556
49.278572390289554,57.48446954304491,15.788931800540057,60.0,30.0,5.0
24.743463112290826,68.82270584744886,27.342327952813964,120.0,75.0,17.573924881114777
25.892596490424456,84.21509949069687,25.53731496849985,120.0,60.0,25.33433974758578
37.68862696352062,68.60910025221524,15.48324655648011,22.0,50.0,52.28072387964424
30.614455656602285,97.72222330158672,30.27667614981234,22.0,60.0,184.84147751986396
42.52502417570168,72.90239511340829,19.73492178543369,60.0,50.0,21.718078932519067
16.018168176719524,64.62884175194749,37.58451078266429,50.0,75.0,46.048724801802585
54.99600399457137,84.21216806876404,17.61246148774286,120.0,60.0,15.210500426366757
48.96367655662561,70.40978335085366,32.311600251406325,30.0,75.0,39.34135484272198
77.60157209207213,94.831754339738,19.101668291203975,30.0,75.0,54.60099850147891
48.75665113872513,56.603238055722926,34.66247090408565,120.0,40.5,5.0
42.73012419740211,78.26748135043499,42.605909582228215,7.2,30.0,140.49258796783013
23.144579608942742,91.11093469759713,15.571302278228755,22.0,75.0,277.44763093349206
37.927193298533595,45.48867887624636,42.60341439967886,120.0,75.0,5.0
41.13779401821936,52.835307119172384,21.428154279307787,30.0,60.0,15.943660762759922
22.907442050298,88.14544571202583,38.5175875460262,50.0,50.0,56.72410549733748
47.416811241979026,83.30213604701349,25.507098429812302,30.0,75.0,77.91638139006974
73.76049335560823,90.65826805351267,19.61477773522233,22.0,75.0,72.06820452610111
75.3771200222013,98.31550255015709,31.392630370803083,50.0,40.5,19.403404026188856
37.1629261473043,65.25878196746245,20.541417287096497,120.0,40.5,6.748227130296089
27.364615840669913,72.84874560770697,30.085291859972603,120.0,30.0,9.498699436650389
32.381275496330055,94.52613522496165,38.41565408271065,50.0,40.5,53.681370509251934
52.85024264121861,84.35069655062338,31.611846941950837,22.0,40.5,52.597529277573365
70.43471113127556,80.73196419421924,17.514124772851822,7.2,30.0,42.90866249523816
60.12372287224216,68.97698049933648,40.8631222035444,30.0,75.0,17.355642890015208
59.11168798487544,64.32444162657816,32.77322266195378,7.2,60.0,29.467446649881573
59.53283367938802,68.33850355400764,21.1814568063867,22.0,60.0,17.31892608226808
34.19497976067862,58.24941286106066,28.870843417432177,50.0,30.0,9.770165976119088
27.758991233720465,90.85090643663807,38.445693885992014,60.0,60.0,64.60344789847966
34.89244712000405,50.11856476970535,37.85661836672257,120.0,75.0,5.730521384950138
47.148600621978446,62.40102297964564,25.226490464770713,120.0,60.0,5.2790388461766025
54.09246434176986,98.12209518693612,38.25482785586811,7.2,75.0,464.9967503974149
36.917252428876374,73.83311662012781,35.35257755141137,7.2,75.0,296.583502399671
29.65594912622049,81.73200561564704,34.31311824303734,50.0,75.0,69.59302701638086
52.808403403842654,81.1584017005895,15.341690042656584,50.0,50.0,29.197763143904265
49.07708521484842,65.65801687628537,21.111521798329996,60.0,60.0,10.710994317428788
43.61971215443621,57.116492218447064,44.331384384764995,60.0,60.0,10.880372131525846
44.40203613646235,86.0810198751318,28.081448939177633,22.0,30.0,50.01484511263067
17.11984669685159,31.337282252222586,37.82039283662898,120.0,30.0,5.0
24.00928472547622,34.280122376238616,18.11324125904222,7.2,50.0,51.99603044375701
70.36592605310948,87.31326185506298,24.167293779834772,22.0,50.0,35.06346917291252
13.589965124476118,99.75499672901199,27.766676330901525,22.0,60.0,240.16240458840835
67.49557287715682,84.99002890936931,36.586752397963046,120.0,30.0,5.0
78.84832770300247,86.08154422733337,27.892110267893354,22.0,40.5,12.237359292210657
41.737104541004186,74.29706088140264,27.97067976440294,22.0,40.5,42.91020741255253
13.36954435750004,86.91992141326944,44.915107542771736,7.2,75.0,768.9960502283308
21.508237251437265,41.292793221996476,42.674966889075094,60.0,60.0,14.763466822161565
66.85109294209524,79.6235306637019,42.910999737045884,30.0,30.0,10.976895609598426
43.589520243668034,54.08454456365794,34.80356708988522,22.0,60.0,19.05109736546893
20.337825401959687,50.57139900090837,29.095363049510247,22.0,50.0,43.52576327374376
15.367406508900286,52.14403261336756,44.39743298347141,30.0,75.0,69.41231157648393
12.655619357457343,67.17841277262912,41.2146546348676,60.0,30.0,22.89198675738851
66.07257377536908,86.10522851169641,38.147143179864926,120.0,60.0,8.781883649279385
19.127617405030232,50.75291285529458,42.91587803022056,60.0,30.0,12.623367055187957
24.920709324981114,79.28126489940044,39.08297014386114,30.0,30.0,41.26871097476892
35.15983662716573,78.69055529765286,31.518398939554306,22.0,75.0,115.57080362620654
72.13000422021607,86.11678655723118,43.85287435036406,22.0,50.0,35.42282826071174
23.74990514178738,66.87729207409238,35.68824057001224,120.0,60.0,14.750533014340549
64.69348568151173,84.09147359281725,38.79894230096205,30.0,40.5,22.639949033250655
49.69609630944608,56.11689780215383,20.10807411385783,120.0,50.0,5.0
9.722855655027534,85.8555267841779,38.53516806888652,22.0,60.0,190.8859162329761
53.06406023117,71.0808960598561,34.68333451434501,60.0,30.0,6.678775541425419
73.17356689361482,92.09731405094894,38.07509608570762,7.2,60.0,162.30085434619394
45.11780647869832,67.50220733207262,18.962004323071223,50.0,75.0,27.572362640060106
51.636842344281185,82.71369380247361,31.381497956482978,30.0,75.0,71.88998434616965
35.59136951377692,47.36070192186093,35.28425365804372,22.0,30.0,10.728600159606371
5.00396201992226,95.85305491289816,39.42626301163989,50.0,60.0,119.97081797676637
41.073518453474605,57.18365298137032,39.85333615663156,120.0,60.0,5.501912899729708
35.99025354476441,92.73250903227378,18.781662940821104,120.0,50.0,27.78097666957288
57.56134719790095,97.25974179492776,26.261320616979596,120.0,75.0,27.145979708087747
5.282577091289979,66.92813356739586,32.89548002095893,120.0,50.0,17.145029895145466
14.56247950039893,27.045612175705298,32.67802016270001,7.2,75.0,92.35593125298031
74.5524807096165,87.78488586160603,41.70907671340561,50.0,50.0,13.8608712281289
14.193736738038725,94.17663209297524,28.622897801326097,22.0,50.0,201.6808253295882
30.39824535858974,43.5690918683443,27.434429377630796,22.0,75.0,28.916099281078846
15.437000818097136,39.291865696207005,28.4392557641558,60.0,75.0,19.769118142939423
8.17508693887275,68.18173372825245,22.456072317812787,50.0,75.0,56.92366284803338
23.164691900985662,40.30900739653129,38.245752065458674,120.0,60.0,5.7023638816652396
56.5542434514286,85.90130603943446,39.32162018835525,30.0,50.0,46.00346834846499
28.862245281699067,48.38735584307884,35.32400306803385,120.0,75.0,8.34563756180859
53.350421455421326,69.92346073790304,44.900178256583764,60.0,60.0,13.036177356362339
11.609492712541831,87.18438112485241,36.96902311824543,120.0,60.0,32.449913388875416
21.612578814038955,64.1886549276267,31.465252667804215,22.0,30.0,40.412060482156605
72.66842173221735,97.22456527456399,39.04250432725881,50.0,60.0,33.76434909063943
24.398739661947538,53.44941745898754,16.922537628121987,120.0,40.5,7.8320600144718675
34.793159860012636,55.97078210306685,25.42799443375953,30.0,30.0,14.282012580218689
12.494890779080723,83.91296348417619,26.096658769443746,30.0,75.0,150.66910016849582
71.35062387150124,90.92394297725673,27.861754252544443,30.0,30.0,20.78037664621766
18.36876079684725,92.68978233256807,25.220004624652336,7.2,50.0,519.9138339560021
32.6792119506353,82.68089385048341,20.225525642040502,120.0,40.5,14.532340169266385
57.04105165312417,95.60463284914114,29.16350232699723,30.0,40.5,57.11091965102648
70.9889036029037,83.78437658569084,26.887065736119105,30.0,50.0,20.244442180294026
20.124140845016917,30.982585198285,38.64356819835657,50.0,50.0,7.74111393355937
56.50758466978772,81.5268233182117,39.90750578344155,120.0,75.0,13.960301468618011
42.88730137199861,75.57638284235291,39.16742479323701,22.0,60.0,63.634087694942984
8.754839531997076,89.10152875540159,17.266634812883087,22.0,60.0,218.86539617040881
70.72354774366316,82.9574400021348,15.356140400080779,30.0,30.0,12.28940899148123
45.11545668190664,93.84415351349128,42.37455162691106,30.0,75.0,156.31930998238406
76.18343426661853,99.97398269516836,22.062217465245798,30.0,30.0,24.756299475793917
14.677759085782753,61.96898101263235,26.87210590100156,30.0,50.0,47.49651905181186
28.409620765857948,34.24832913402857,17.88020839518458,7.2,75.0,48.76211811713611
11.514718098963709,75.09747865277228,16.579263378814833,7.2,40.5,334.67150328426516
53.104493654248735,90.3695340823184,19.246563284313183,120.0,75.0,28.546376846212407
51.20692408624951,72.64011854417099,44.525801751556905,7.2,75.0,198.57032395264045
46.90302459470724,54.76539308101561,23.19986629997672,50.0,50.0,5.0
27.311950249450117,52.37117362082265,36.76704742679845,50.0,40.5,12.46337482145066
77.91249678055178,83.15645475107245,33.03950473008454,22.0,40.5,8.558151375390956
38.64069120263446,78.93541655148769,19.391191997669033,30.0,60.0,74.90014193979323
66.88947011042676,80.45979039908616,44.70527380892155,22.0,40.5,26.242799743241324
38.49514258299919,69.35434286448988,22.760453214042855,120.0,50.0,8.1178104452855
67.64798456438376,81.31433235380455,36.75279371959627,120.0,30.0,5.0
66.13851739774168,99.3897532499242,41.407553198450614,7.2,40.5,233.92693118401158
26.841748893370706,73.70343737831362,39.129609782915175,30.0,30.0,36.96396117174839
42.74479256756108,81.06605957126399,23.881915221377575,60.0,75.0,44.864779413587335
39.8204276993255,72.15184361011508,27.83075364100383,120.0,75.0,14.43967860018723
76.2900855896125,99.63355435628313,31.36370086177476,120.0,40.5,8.78984711324376
9.623141257761764,96.46075412957488,19.257996322781956,22.0,30.0,137.01006946583126
40.207614661553286,84.6758254693603,30.883072216238297,120.0,60.0,20.466431923647445
75.43315237326804,93.57708131093433,17.242377109089464,50.0,75.0,30.394236433649382
79.16567841031575,99.19354840022399,17.348234421896276,120.0,60.0,12.88886548529687
36.378750328495364,67.22222795918886,34.02729272932628,7.2,50.0,141.83875921825816
26.772088677418598,85.43631948418829,19.781707972467633,50.0,75.0,87.7322411796903
40.26868139965657,97.50686227401886,18.470256709443497,30.0,50.0,115.88811723292181
53.395831649267215,92.79114791335155,18.207595931394643,120.0,40.5,16.098605724937666
67.45843032674709,74.44890663588829,35.721031184974976,60.0,50.0,5.0
71.82465309831986,88.32370230997562,39.7416949223076,22.0,30.0,19.65619494073075
8.850077849275818,46.599982984515826,25.117132525075263,22.0,30.0,33.294334597435785
76.46827351726323,88.98110883477068,25.11659729730678,30.0,75.0,28.532499021669246
10.137709442892055,58.48021882239113,28.650463153933433,60.0,40.5,20.937098768200674
59.51476745133547,89.63341880479473,19.598884815461624,120.0,40.5,10.238971397124732
19.051281324682023,93.12366362191833,30.599943721107653,60.0,40.5,52.0384134429545
67.08714552996445,72.71809995617528,22.31528189898316,22.0,30.0,5.789948728126897
38.711207157580986,98.41966685052591,40.50802183007772,60.0,40.5,48.25988952620634
38.16171035846088,47.22581996566839,26.689722668643462,60.0,75.0,7.410210975764687
49.65167918827339,94.20468998275618,16.427495776383374,60.0,50.0,44.969217490761736
27.114922105227272,94.12203056258582,23.26670010363686,60.0,50.0,57.81840999678519
65.22921634183841,93.79859986340038,20.794732533629396,22.0,40.5,56.63307848151792
55.41972049494245,91.38716528467566,30.92251807164427,60.0,75.0,47.55453154088356
76.58011323732995,90.39557139519762,35.97318616199093,22.0,40.5,27.41836638524445
74.7996877975348,85.26278517802342,27.010667828098754,50.0,50.0,9.587735041745871
13.854088044503897,23.42057327507523,27.359819684765178,7.2,60.0,53.79902714492465
43.63132821288388,83.85519781613309,34.4859729319617,120.0,75.0,21.573138542546268
43.49289290723444,78.73679114275649,29.294681920614785,60.0,30.0,14.669334544082027
6.548257965934496,96.66980371526557,28.870668028039873,120.0,50.0,40.34254430067792
13.204994409525046,72.17504392634316,24.572249169621788,120.0,75.0,30.266439613465007
44.22361363293744,55.03782450626922,27.025357069604368,7.2,75.0,76.16758042091453
73.37136541275711,89.2324440471593,43.975163251749905,50.0,30.0,9.891336868571543
15.567795776598764,37.87642812416639,34.43010008135927,22.0,75.0,47.31809272796251
60.04215281746949,67.61439646573287,33.87340859736357,50.0,75.0,7.750296447941467
60.195154395308414,70.0078127870418,43.985340745036105,7.2,40.5,49.351058304924
15.37839219064388,79.94823753084904,29.089627708548708,120.0,75.0,30.4800601566926
56.477495493400966,62.184603968518346,24.35332940415066,120.0,60.0,5.0
67.38680887894876,90.594365255615,25.474811596972494,120.0,75.0,15.454914103395442
53.55851928134361,72.71107962404045,38.387293465838084,30.0,60.0,27.074306733059053
10.974188069816522,21.846904310972977,34.20091165055041,60.0,30.0,5.0
54.27988868997091,89.0993969099485,25.662162202870068,120.0,75.0,17.895272676911866
62.45194246394723,78.4792624360169,20.268793967040068,30.0,50.0,20.31318867729725
24.257713665343488,31.72522624710427,27.308074149951505,50.0,30.0,5.0
37.373814063828604,45.384527784516315,17.86631623694299,7.2,60.0,47.17526039120568
5.084860634065265,17.1717990339052,37.889966931358266,22.0,75.0,28.045985703357946
70.17135459506048,98.36221541690716,24.823216888622,30.0,60.0,63.27532746700833
77.8613161281733,90.85468889595057,24.160596406433694,7.2,40.5,76.28997632625402
49.531306430538464,55.24680090015821,22.786567459949644,120.0,40.5,5.0
76.78303220000386,94.47653364107403,32.88090482849403,30.0,40.5,25.11849141587952
52.727952928219295,89.4858054911751,35.35551208453243,30.0,75.0,79.84053866685541
45.24674598016204,88.61327366865896,34.83795918795275,50.0,30.0,24.27389571607273
8.75167001874184,27.14401772794913,38.677313680563906,7.2,50.0,81.52360864507888
66.75106077096052,90.97739813700557,38.699242787095,60.0,30.0,13.51969554862004
5.50891647326207,14.397863040758624,42.119400271675225,22.0,75.0,24.6100772674356
76.21900756734388,97.54631682548995,29.49934346091882,60.0,75.0,27.479586552166275
74.99573092843,96.11950196263614,35.78915381321002,7.2,75.0,225.43550955022081
73.30984332866508,82.09659730860128,23.581801549778564,22.0,30.0,10.526258932337985
49.93244938270643,58.940285150840225,16.74503276162774,22.0,50.0,15.398506936295254
36.715735135008416,74.69014915205727,25.963544539598207,60.0,50.0,24.921535745867654
65.29135315514401,75.75896326361621,23.87779046940865,60.0,60.0,8.597556742800961
58.91802084535927,90.24367275415618,18.007241108027742,22.0,75.0,133.4982438494246
8.119696719235213,15.127558604738207,26.190212996356824,30.0,60.0,9.72436140808073
34.36097977505118,90.59794279156276,15.007226235535994,120.0,60.0,32.50267921019898
14.571738967831495,80.23325272082688,29.146203797644958,22.0,40.5,116.60989465961171
32.53496264826988,94.23334925987535,24.1390749688073,60.0,75.0,85.47631505599537
52.77065079579727,67.66520265603236,32.36811528616071,22.0,30.0,13.722359148256329
66.74197694348746,74.65373149224226,21.823447621943988,50.0,40.5,5.000992793876527
70.58789712785578,93.87786363563104,43.157567873355156,60.0,60.0,29.117476377816594
37.05562159282365,49.86639797122746,42.41008792328158,22.0,40.5,19.642550245393316
44.76974192287614,67.53071643809822,38.91465317447496,50.0,50.0,15.241666726791381
55.01790400131577,69.37484097283213,32.64258737564093,7.2,50.0,66.51116026358324
41.88429744677511,76.91890959399488,36.465178638633866,22.0,75.0,90.56589570285209
47.5871083379237,92.01558827345167,42.974753393330396,7.2,75.0,568.9738047986484
34.233148971671554,63.09680984203272,33.48115585019871,30.0,60.0,38.75329876016776
37.91815551546791,97.32669606768019,33.246398171387256,30.0,30.0,66.05151152474711
41.38039891723803,94.96560635900039,40.05070765115082,120.0,30.0,16.17429385910627
21.28553030282539,53.828265093316354,24.987362886942098,60.0,50.0,18.830664881015633
7.408218536154369,68.80575733814219,37.888466355346836,7.2,50.0,280.8096589154997
41.74203082881305,48.45508780403865,33.73791754560463,120.0,75.0,5.0
18.278247089629804,25.466353388298195,42.27912439218148,22.0,50.0,14.088243489444599
71.95969546924144,92.02577701460126,35.16702449401816,7.2,75.0,222.7045491179239
72.1329669297569,92.2079335598763,25.343607859636094,30.0,75.0,54.57128330530764
12.47982292579118,93.5597647789095,19.2231137331364,30.0,40.5,131.38822938821392
13.745222482160056,48.62968028681803,15.763414298851172,30.0,60.0,53.889280279720445
57.46583553241599,79.94813065433395,30.360948560744692,50.0,40.5,13.494975790358575
66.5900152512466,97.5781596371207,31.10769784260351,22.0,60.0,93.84367025137355
57.70932660333845,79.59335504536546,22.298192534120957,50.0,75.0,25.725203326026488
66.38019856233676,99.72451808582281,20.76518199643347,120.0,60.0,16.456097566674416
20.19926914928233,58.2727200091701,16.705217121371653,7.2,40.5,162.9677164929016
54.184720992478994,79.47087984984154,15.961905512836248,120.0,30.0,5.758169313620639
22.025097450381548,43.1727351199481,19.84250963062722,50.0,60.0,19.54008975318839
33.711815597262785,74.81783332312698,36.62448949424747,7.2,60.0,284.75080222527066
51.31679849072139,99.18817923195546,25.13267961396687,120.0,60.0,25.18310450944031
43.392659095221795,64.88730065766302,20.028646915217536,7.2,75.0,158.49261253345512
41.90874928143962,51.91223154840822,20.150819793854737,22.0,50.0,16.10824316738947
6.538318949029338,33.59852036855643,41.72000027675722,30.0,75.0,57.84288670063939
6.1671909694037,68.55001094058167,28.04404601309483,22.0,30.0,53.87465118499541
41.48349587682856,79.94292717410104,39.82152580822074,120.0,40.5,10.601777009042365
70.08365332945726,84.30638718245599,17.13465767647743,50.0,40.5,12.361450785143147
34.35335700228102,93.24961713382989,22.20681499186636,120.0,60.0,31.371761729326764
24.324276724336634,55.20863709428811,28.025597758904087,7.2,30.0,88.91617993463935
67.10446570496572,83.58525701862457,30.564249362530607,7.2,60.0,122.89500252140101
70.52545453848235,86.82864240283025,15.635767386835584,7.2,30.0,69.28163939948624
69.52776029603605,88.33721688559271,35.68907225745363,30.0,40.5,22.259206800394242
34.092389671379735,61.991209346956566,34.20146390790169,50.0,50.0,18.783836625133755
17.792028350488884,33.31035225674064,33.912027781079985,7.2,60.0,79.81286248004471
39.56905796897447,85.78909614510057,44.57420463025275,30.0,50.0,86.8259708876975
49.844707011487245,64.4085659421456,40.53332477542664,60.0,60.0,12.311953719862256
17.53968909104513,24.744007510933322,33.88064827886815,7.2,40.5,27.52692123118829
57.51609941340006,81.34432706271119,19.98935100627247,60.0,40.5,16.366488043738
22.871583233605108,90.99275170771544,41.03893340046475,60.0,75.0,110.86999998685252
50.542208772379304,74.02483519051228,26.38892602456903,60.0,75.0,22.592698369338247
38.88063151365815,98.24298395773279,17.51537154013443,60.0,40.5,46.10957543022998
32.37178907511689,54.513751500049956,30.181088106824422,30.0,60.0,28.78517727836281
14.732167512219828,79.93796423420088,17.976866882480298,7.2,40.5,305.64392525331704
8.036586824622834,48.07323974348206,43.05653430512625,22.0,50.0,71.9556110933445
27.818473361493847,67.3820011442888,36.40372081302132,30.0,60.0,54.34932685620671
34.84647921510001,58.50292652536454,28.540101754622917,50.0,50.0,16.719149306531154
11.647473106218557,93.51774648672674,29.407101404130803,50.0,30.0,49.670842884633146
37.281643106597514,65.91837690576813,26.241930676072794,7.2,40.5,98.47260537450788
13.109251435782202,53.14780629490236,17.95972130198427,120.0,50.0,13.142820667773295
48.27813964925188,69.8185957388059,39.62728902211848,50.0,30.0,8.157237073529307
68.42197250862641,97.6407830592526,39.618821802571105,30.0,40.5,43.89906403808328
73.10261572517912,83.26354703630231,42.247756640311984,22.0,60.0,27.735549075384096
76.50768685683764,82.49785130828629,36.27816035009439,30.0,40.5,6.805829470953505
64.26247901700967,82.25703579850273,39.0154537379545,120.0,30.0,5.0
9.471914329045164,83.95973587522569,24.02067202881331,50.0,75.0,103.1822497441036
31.535212298298166,57.70801052832312,16.138149388078066,50.0,30.0,12.090188695752186
31.285265173844593,91.00436601236555,18.796333761402245,120.0,30.0,19.260943260249416
72.88085958458609,87.49400730608947,29.642767807949276,22.0,40.5,23.057527101290884
26.350579396011323,83.87790056157462,29.110417761394014,7.2,50.0,360.15007578995017
62.70468326306016,72.76565960534641,37.24551756980971,120.0,50.0,5.0
5.160568950910641,44.32121900293173,39.55627739716509,120.0,60.0,13.022822044243137
32.37689780291173,94.01786098564959,30.096850361583527,50.0,50.0,65.87374517619341
8.976932827235807,34.880702809446625,38.86385763664402,22.0,30.0,23.14161921916907
37.58174445224036,62.47331430459083,15.577468915466818,120.0,75.0,11.909102854125937
71.992711040746,97.38582864845833,31.25060472101185,22.0,75.0,86.07646845567659
60.91273140145795,83.1381201532255,34.43127224370689,7.2,60.0,161.85054293092082
53.37573616186755,74.83417864307565,39.53387042938257,50.0,50.0,15.463136278680457
64.52880693389092,93.45487511812516,22.119531126116733,50.0,60.0,36.892179482716635
57.334777479689286,65.43211006644806,27.54792242707727,30.0,50.0,9.088348772816918
60.930373628089214,72.92390288476662,23.787172401051873,60.0,60.0,9.33546718865343
33.22913723312082,56.55166378325721,41.683402750550314,7.2,50.0,125.92478009899413
60.00952040058687,78.60878029378466,27.989026409971604,50.0,75.0,21.58050658093675
68.97379767726025,99.29356050246528,22.999685763975133,30.0,50.0,56.01864574450286
8.62039152184861,13.7086973605644,33.005458329429764,30.0,75.0,7.970528573372368
26.730320039666697,50.129723896150466,19.345584818047325,120.0,30.0,5.0
39.57290391917366,45.70871857037195,15.504218394634275,120.0,50.0,5.0
32.039968838873584,87.31329958940961,30.721130096027608,22.0,30.0,71.48789664132539
37.65770966765267,59.55355261317023,16.50056462706559,30.0,60.0,33.70627088842011
23.92505033099207,58.399698217361355,17.47026489290165,7.2,50.0,196.87357980505882
66.09153402649976,86.5172389355802,19.23498099591089,30.0,60.0,41.451466226276786
58.31972275609125,74.46345235677626,30.284482135317436,22.0,75.0,42.578361407462836
64.22961963559717,75.85204075271587,16.977866680724468,7.2,60.0,85.1950377075739
71.12845035989727,91.39578873104321,17.015927122571213,7.2,40.5,146.63072297420732
63.51944981903585,78.91155083674607,24.668924202087254,7.2,60.0,91.32180478763337
75.5943647031802,92.22064340030956,44.76379414056829,50.0,50.0,22.75421773910599
69.8566921702887,86.05699709741853,36.42213528427005,120.0,75.0,9.511877259717158
69.01104998948672,84.35867894073913,24.071508183372806,120.0,60.0,6.514286851184373
76.96794407217993,92.64514338622332,39.58553756130213,50.0,50.0,16.527373908738483
28.334051056973554,54.71377321960347,34.76358353042739,60.0,30.0,8.500521839216907
37.654204709601004,65.70140574351971,32.27157915993613,30.0,50.0,30.32340502253278
12.861698070557416,88.36029093364296,24.292937495555613,22.0,60.0,184.59264242960876
75.57096449529908,90.69638508359351,44.916816138873955,50.0,30.0,11.331180150895083
28.253031404856074,50.04293454006885,25.302618483920217,30.0,40.5,20.747726653713475
72.57226220290728,99.47256187091759,42.055149493250134,120.0,60.0,17.305224439573543
72.07873072788918,77.30475113732389,35.336058481732366,60.0,40.5,5.0
21.871253290777542,91.06601954962194,29.456201518349708,50.0,50.0,73.99397750841116
42.16667677819475,48.110994809984724,25.041680607439556,120.0,60.0,5.0
47.28525433337332,62.335493391015135,43.46537515401184,7.2,75.0,133.3116173188111
36.3010940228106,97.8200596461566,15.725110564005105,120.0,75.0,43.87887324493897
74.78581939727512,91.79549802104547,39.03024729593748,7.2,60.0,138.59065427488852
17.95922389118474,50.5121293994977,23.722315976720218,50.0,40.5,18.245522511269158
9.168400471095147,56.116987027207166,32.37342809626816,60.0,75.0,39.942891762373
57.02132283371591,97.42133765734548,36.51790576073781,50.0,50.0,44.67063223960206
40.639828959271206,97.01657831199927,21.433746879724847,22.0,30.0,81.20339150556086
78.77318982746088,90.14131788795204,25.868862977687048,22.0,30.0,16.07461379610761
75.09185544074613,88.69450663944384,31.16458101749007,22.0,75.0,41.052600639889434
8.59756689346069,89.80867628173522,28.331814567473092,60.0,50.0,58.46562553937005
23.39675702327322,78.84740188012532,17.975835903386358,7.2,50.0,312.5076805103001
21.70612432843914,81.57133373489623,28.11372821220037,50.0,60.0,64.17200625097088
40.69450230237225,97.52073418099178,22.420541154532284,120.0,30.0,14.734602502851999
39.19369527665853,48.16747905411346,38.960621127910876,50.0,60.0,7.8380026055361025
19.476123905427396,91.1442270923567,39.284196288463036,50.0,60.0,85.0019738995114
14.97489403059794,21.764778323682926,16.494236327502655,7.2,75.0,51.16345443195282
59.58756219345287,67.91314298244674,34.78125562258479,30.0,30.0,5.486169941219688
77.9385861619807,83.57934580994758,23.55399525542126,50.0,60.0,6.109031359971384
55.908198764032164,69.94188097595077,30.270103364478548,22.0,40.5,16.59113634882384
32.93517041840812,66.22033604907278,20.311243231797192,50.0,30.0,13.97301369733724
15.898734225246953,84.06433139698989,40.69704589469697,60.0,50.0,62.79152979576706
34.545819851793844,76.50251129643149,16.3343156640948,60.0,50.0,33.30439203369392
18.1024722667836,62.74295372212728,22.84478711182858,22.0,40.5,55.1762311403426
16.555679935481262,72.27268615718228,20.479548562313166,120.0,50.0,18.405371918087127
8.589919917958031,48.833137391532546,36.15103566789998,60.0,30.0,13.203702213607587
49.06713291123487,70.30664544078789,29.473544111433526,30.0,30.0,16.73687932915673
5.163807087916792,90.00540055510568,23.100061343417412,60.0,60.0,84.27824454720516
76.92829976535558,91.0075724461764,42.509362470555075,30.0,50.0,27.70270853212315
21.4993345172698,27.147230630532867,36.483829214302126,120.0,75.0,5.0
66.45003142241458,75.1814624600742,20.201194702725246,7.2,40.5,36.95784860621863
62.27352743924149,70.446404529767,25.53651058915464,120.0,50.0,5.0
11.642613036881006,40.92232938627616,26.172019981060686,120.0,50.0,8.157072323754113
61.81323671138795,70.72857783873182,39.996283707307875,120.0,50.0,5.0
59.16864335631949,90.03964044833066,34.994105881611155,50.0,40.5,25.353034466973778
66.24653780691024,90.08500525574213,30.216118103034553,7.2,50.0,171.19629773675925
77.69304556526747,86.14835551455658,16.79623880164157,60.0,75.0,11.226679911217373
8.282438539873892,62.44660078042974,26.946298923539853,50.0,40.5,30.414454891995284
44.202294847877745,77.14300063536936,17.914940458978965,22.0,40.5,48.21653405252982
42.572697639415125,67.23107742824584,33.775751912103516,60.0,75.0,20.84597152402686
15.082331212680051,85.14066057321173,33.18328799558919,22.0,30.0,90.27834993279485
37.43355197039103,89.45196002122503,20.888616004292285,22.0,75.0,163.42583216066538
40.41483789636315,85.09573266302536,44.97989764479257,50.0,40.5,36.533742699343215
38.72940579440796,74.32724229564276,18.006956345288582,50.0,75.0,44.723529277512675
34.04683802564975,75.63108109600141,30.409580154639887,50.0,50.0,32.02012491077866
66.44229326300767,73.72387376909018,40.66457864087873,120.0,40.5,5.0
50.91567974429118,62.65560431348913,16.985061651755426,22.0,50.0,20.288591669914442
55.097979561663855,81.57302238041238,38.765074086838936,50.0,60.0,28.514528642048756
36.089062204263584,90.701852814892,21.900013576451997,30.0,75.0,137.28804490777932
71.7586352232357,96.72404433208862,17.301821157846177,22.0,40.5,56.78504710394255
25.618125311168058,80.35089466844465,32.84748062756614,22.0,60.0,132.15135914291076
13.003539499532653,93.70339634380913,39.150338972451706,30.0,50.0,136.8175132017339
27.25380886842807,71.85972322399567,27.625301651600047,60.0,40.5,21.28565530222241
6.935537614342331,13.721482601365409,33.669460693627926,120.0,30.0,5.0
30.462043629495707,79.35808624524583,16.74401373080486,30.0,40.5,63.0058198031347
17.864202034039025,82.3780536866395,21.70237634788875,50.0,30.0,35.03841008682953
35.2677794337201,82.22346074484905,31.711977980517513,50.0,40.5,34.649126657101796
41.402927840341285,65.37124394795379,41.743651936691165,22.0,40.5,35.51886171452995
19.596444074342386,54.057928582518834,43.39691528936231,30.0,30.0,27.809259386167327
38.609652459886966,96.47706868114726,37.099702056563714,50.0,40.5,52.41626427487855
47.08398063408075,66.46958931395345,27.007042609129638,50.0,50.0,12.351023597197324
65.10291874065943,72.20280918167647,35.66867370513509,50.0,30.0,5.0
74.5030628254318,93.82339105273053,22.715314080732817,120.0,50.0,8.107437278072652
49.34321793129606,68.71531655170224,16.570463004288072,22.0,50.0,33.20358496377341
79.52265863697065,85.94808196554152,22.220182495358607,120.0,40.5,5.0
69.54889155407126,87.82987104187676,20.804275482431045,22.0,75.0,54.973982551461
8.150432556410893,91.91194572623836,29.534184270995777,60.0,75.0,105.30452572436991
40.1874536425549,90.74365273783066,15.46447377412546,7.2,50.0,443.3755449520652
64.90788718359714,98.35064410833989,33.255138389123594,50.0,60.0,46.80874467665713
71.53765162209433,82.61969030992634,18.670157278864238,7.2,40.5,62.72497258817729
41.776852637389055,87.90472811617748,20.051558949091635,7.2,40.5,228.09346343670418
69.93817165621863,78.24992631667907,32.864370199970196,120.0,60.0,5.0
32.9209742607431,44.63486782765634,22.547969092944758,50.0,75.0,10.646183447809376
11.831331116003861,20.917149487394536,25.04230595398087,120.0,40.5,5.0
73.36976649202056,86.33537662925,16.366504678960574,120.0,60.0,6.999338653583236
60.747437923023426,73.17829921846771,16.835152654978312,30.0,75.0,27.366691541059303
33.56638415815763,65.59556354312745,29.10704878827844,30.0,40.5,30.66105172427548
56.64704767212486,90.09192934142338,37.034051576259685,120.0,50.0,15.575514051417509
49.13942610450228,54.64605452386716,16.79132714629172,50.0,60.0,5.138449048577603
77.69879024520026,88.21225592357563,27.296523926258118,30.0,50.0,17.166910364728057
43.95822631658241,72.78508293379265,40.821799866198916,30.0,75.0,63.494191510563276
66.17819525015547,82.80088837397005,43.06636618535298,60.0,75.0,24.402341158181667
32.62027440838407,77.93332912273054,16.04250245202138,30.0,75.0,95.11559654289474
38.595681288287324,91.61167449976037,38.269639059781,30.0,50.0,95.14554153182043
33.67446234201802,66.0861369106872,22.679548613723355,22.0,40.5,36.67016381949125
13.730213837430941,35.34625896517182,17.528765653122406,7.2,40.5,89.44652659373466
63.65675109677074,94.11674854502022,19.86067249093319,30.0,60.0,72.14267856376797
51.60384560553717,64.34936805285604,37.706508229591066,22.0,75.0,26.14159805995933
48.45863144365173,95.44798840967034,15.35713406543551,22.0,30.0,79.92759548513634
11.44803014594087,86.91010963882474,36.54018630322943,50.0,40.5,54.979719847391515
32.92361058306989,55.308302432382845,23.211018884657875,7.2,50.0,107.47312706939515
47.68002486815672,70.78411848998583,24.774900598121835,30.0,40.5,24.63379083572492
50.57176819129541,62.389583900826295,21.202399372207175,60.0,30.0,5.0
60.463267486779856,92.52757391517368,24.055173607425463,22.0,60.0,95.40526177549464
62.104149882871056,99.60443796116499,15.242540295900326,120.0,50.0,18.49727150650079
73.36364961253885,99.95590654797978,20.41788623714171,22.0,40.5,55.15109641372807
27.041756239948757,35.90868092191392,16.574765518590898,22.0,50.0,15.741729025578065
62.36359199149876,97.23166033164627,27.404914111901153,120.0,40.5,12.942592784202258
25.029570517952017,60.826649683446696,38.87919730656903,7.2,30.0,103.86618519671559
19.005971344799516,62.77933565949364,30.873098029813153,30.0,40.5,36.17167313021754
42.65094682998129,78.44830152962093,25.30060159248156,50.0,50.0,27.257601804953037
77.20665105682446,88.39998862233725,25.395026620972352,120.0,30.0,5.0
48.4743472757237,53.5249215816724,42.01969652305199,60.0,30.0,5.0
34.98743445126538,42.03053261118306,39.632166691710566,30.0,60.0,9.155812388122625
49.53480945615692,63.99382180877157,24.715526596710095,60.0,75.0,12.50711379214409
13.532184686048886,29.837952782966973,24.000914417864898,30.0,60.0,21.712007125131294
24.686334103735756,46.93501449996815,43.97374590320903,120.0,75.0,10.281457229457597
76.04632423173258,87.53430552146936,28.21055321679757,120.0,50.0,5.0
46.537318690086764,86.94933355792494,16.27004837707476,7.2,30.0,182.53155232038287
21.053934217057563,58.06157063438969,20.930128106228068,22.0,40.5,43.29410998135879
27.16993437386589,96.269738652421,44.63013381700476,120.0,75.0,55.1039745737857
27.29882821340352,36.26359233863915,19.2766877140482,7.2,40.5,38.42285825591543
14.798662377248624,71.12195949662754,38.16456994479346,7.2,40.5,257.78810008764333
6.4323241702403315,74.03840920719136,34.06864094196015,30.0,50.0,79.20031590911987
66.97990803084751,79.31918956090554,35.66555586901995,50.0,75.0,14.294231070505331
39.73385254628378,53.444424603971385,32.70936031472285,30.0,50.0,15.253047057785448
43.251453479602375,85.45954614882716,39.02350240121678,30.0,30.0,38.713665899572845
68.18585286511737,89.18428329610813,36.73375131028017,22.0,30.0,24.29345894802504
54.02266420382967,59.795998917419716,18.81957786765874,30.0,40.5,5.744651077672021
61.884181048184495,79.19674159297547,22.32283717477807,120.0,30.0,5.0
15.429434434544715,37.853815174669364,32.332892024931226,22.0,40.5,26.19957740774756
25.45077892958611,43.717593979039,41.48926499492691,50.0,60.0,16.619847956028856
28.506002364025257,58.81276640183964,15.556445871732224,22.0,75.0,77.78687620238634
49.860579902789965,74.55264793483016,44.42530104671695,22.0,50.0,49.536818615134
79.29462351579926,91.28525989335103,34.02386432600409,22.0,50.0,29.260085474562764
71.23497967455934,99.30017991771132,27.737163055210708,7.2,50.0,202.81897556662918
19.390753482676757,68.32775879079597,30.179499874711905,50.0,40.5,26.84735341921221
10.457178217972034,23.807392527956623,27.47749598798148,30.0,30.0,9.228869653657512
44.7685644774682,85.13579834421436,22.803479490461974,120.0,50.0,15.627712573212413
32.37842701070851,43.6538193196313,35.211349431625464,50.0,75.0,10.778383549684717
52.05316283265216,99.11614864276798,28.932087189619377,7.2,30.0,207.43993087296028
74.78176198840833,97.77530374492169,38.57401395563923,30.0,50.0,43.741972970917416
52.48014573988303,81.04438095184524,36.16069009066262,7.2,50.0,186.4055042833852
25.04713115573784,49.462316211775644,30.671499162802053,50.0,60.0,18.948449391962452
40.23564221621758,75.95606465581746,19.278001614890712,50.0,30.0,18.404397793585737
74.85577458447949,93.62105466919165,22.8738093420205,22.0,50.0,45.26143348392218
79.89201863638014,91.43492432329053,36.08896990633931,50.0,75.0,18.23056188580311
48.13147710388365,58.52903954578723,27.534347487045007,120.0,75.0,5.0
35.20492774002246,60.74038456693463,27.027081677373783,60.0,60.0,17.88378493291509
27.025731001882715,60.28287785570239,38.608704314371245,22.0,30.0,28.187508280386744
34.89497470388419,56.16743253960427,44.98005368493346,7.2,30.0,69.66714423705469
30.56873068940678,70.58934060199581,40.21607639847581,120.0,30.0,9.152164681613609
51.590010845313664,56.74353564191485,42.93393526706547,30.0,75.0,10.188945485636818
33.17365516197506,46.89486696816848,36.27971558327902,7.2,40.5,47.173772256380204
21.217467079324344,31.343876351321583,32.1115829872868,22.0,50.0,14.904454287587786
56.74767591062937,98.90605424462105,17.510429647430918,60.0,40.5,33.878483189553144
31.463308878012505,77.46549340426296,31.403613744848514,22.0,30.0,51.339540472682195
41.095711288371255,70.38624649562502,27.716992559909947,60.0,50.0,20.111758125324332
47.47337161393284,86.31492282729013,40.25916356121887,50.0,30.0,26.000259456434126
66.6234947873375,75.09362132136862,40.45762971092634,7.2,30.0,34.5052852761533
37.40185997253062,88.9621625905968,22.902108358675335,30.0,30.0,43.73446663809827
61.57819666436822,75.80512556793784,28.309369398104362,30.0,60.0,20.199485486731977
53.536967084521805,96.5762254168655,35.395102792731606,120.0,50.0,19.034239786092574
72.09041391804433,93.47318753091767,34.186614791319336,50.0,75.0,33.90956734030876
40.460334808454355,94.532922983513,25.084789949552967,7.2,75.0,599.809548727509
43.62348579862586,55.34018099699504,21.452144143951575,60.0,30.0,5.0
33.31590672466679,86.96531399036743,25.543250204120504,120.0,50.0,21.617192041028094
69.16333815398808,95.63462539652461,38.96894707601237,30.0,40.5,36.21908164496853
66.4347666170751,73.43532198600224,38.73548002166803,22.0,75.0,17.712954330159057
39.805271407342744,69.64447298717158,32.5126256634921,22.0,50.0,41.42845372806599
69.23322834840725,92.12560572105845,38.042596239231486,22.0,30.0,35.596036465716466
42.84818282442923,94.02986016769557,41.59759803181031,22.0,40.5,113.29129815144503
66.10940012269221,81.48671298968686,32.41254497340441,22.0,75.0,45.942367746087164
76.27130376278642,99.97658977380802,26.155803459992832,50.0,60.0,31.534724212328108
73.53471945699717,83.16639028980494,16.30784765377783,120.0,50.0,5.0
10.777399998808544,18.176380581209557,41.524416389571655,30.0,30.0,5.561612823881961
36.2038178852577,51.33509605152439,18.475414577920155,30.0,40.5,14.890083202196156
71.524030214249,81.18064066967861,37.45753041010598,60.0,75.0,9.98795467999296
61.705370766632115,69.97220229394526,28.4074736357083,22.0,30.0,7.46960824353544
69.85752440691482,97.11161532980344,16.348063573581786,60.0,50.0,28.043340901306784
11.740871007547852,27.725233387936125,29.86527531991915,120.0,40.5,5.0
52.70302663489144,97.86380962145502,44.90201310883145,7.2,40.5,311.0421360393691
45.26759528903165,78.17010216847119,26.518176691117766,60.0,30.0,11.78172596979734
43.89612737265006,88.14768251189696,19.92893951857417,22.0,75.0,143.0519689243383
6.408824456538637,97.69090697643111,20.801479784964748,30.0,50.0,158.0842450382553
58.26087781973775,70.93336662988511,24.20318254058497,60.0,40.5,6.715211223470891
51.75738450825207,84.6227599781648,36.42162991966372,120.0,50.0,12.098547452571578
28.28770644121125,99.62847940680469,16.14922400518984,60.0,40.5,64.00441635054547
58.641610704365064,64.975382053423,27.8796012856253,60.0,30.0,5.0
70.07330246839999,83.36510945897622,17.53881586560271,22.0,30.0,17.585226885546405
66.24317100194597,96.2186630631492,34.18273920529713,7.2,50.0,212.31314402316931
5.767539230656814,12.744889116800199,15.25049212541309,22.0,40.5,10.645714005609868
27.95045789067074,41.49396307013049,31.366876325032738,22.0,60.0,24.43726372479946
78.14705385725347,95.01836255567741,36.36575184759612,60.0,60.0,17.486794119136775
37.23922768334092,79.29682345060831,39.54636004111389,7.2,60.0,245.46520564875286
40.268673924498216,92.99601768971651,21.75121197132598,22.0,40.5,104.77164861513226
18.285159109475188,51.180803999834225,26.20392650378166,60.0,60.0,21.704790819007957
17.02881003827535,77.81384021407275,36.06895858913672,120.0,50.0,20.26562307453071
37.554894589822176,74.63642297292732,39.493615668016744,60.0,30.0,14.939740202589125
28.21648770519881,94.79965642111351,34.701681193701916,50.0,75.0,98.16438244459569
23.16767450568554,45.64763155159859,41.32437587726498,22.0,40.5,35.09081677118757
67.93186239890791,92.95424862610056,41.12178919956587,60.0,30.0,14.967423705656048
12.32774083258062,68.2482313519585,28.04071177990758,7.2,50.0,258.3490127831577
28.56811403746287,98.24131891061718,23.63813244514245,60.0,40.5,49.91556234467742
35.549869238569435,74.0999098505538,38.78737422649943,120.0,30.0,6.643453841383918
65.68274126172845,98.1958760892339,38.6790134732445,30.0,60.0,69.15267327766871
57.61179616470224,89.39554841860576,28.632292538443917,7.2,75.0,278.95998784820205
23.07989977492426,39.196158624373105,41.59335034191772,7.2,40.5,69.76273801024836
21.251498277904453,38.768347666430444,15.004732337341702,30.0,30.0,13.348625155908996
27.340724864209502,70.25562000175891,26.93871831887308,60.0,50.0,28.141645496056327
30.272359088512236,54.41966020950191,17.010842371125683,50.0,50.0,17.204319268319868
9.878446830285545,97.86111101844733,35.43517651318515,50.0,40.5,76.61405176173233
63.49716517915845,83.55165500377554,27.89648274374544,120.0,60.0,8.938248575367307
71.29191781558286,90.89079329165232,18.90985093769077,30.0,50.0,41.76924156955578
23.216467746859177,80.93311955224127,35.587498075725215,60.0,30.0,25.18347238874697
60.298645535982274,80.92955818338257,24.70589742534417,22.0,50.0,42.69158158212934
56.45548665670396,78.41531607509128,26.378963780165623,60.0,60.0,17.127857231140013
71.77990918104139,98.04697289986129,23.33146917721718,30.0,30.0,29.324640327340678
32.75435270346201,48.547080723711794,17.95156477520908,120.0,60.0,5.934314235706924
56.291298008470264,62.05510181936692,18.52659784876314,60.0,40.5,5.0
11.596475627654675,75.39348604512439,25.803950633216232,50.0,50.0,47.72901206767822
49.183725787074664,95.33212727290532,38.792160999703725,50.0,60.0,58.88057493858201
61.38492083890314,69.57790442906249,24.622932420651004,7.2,60.0,43.504031857911606
35.10019573245695,41.79681920552782,35.85836704102231,60.0,30.0,5.0
12.747010066448235,64.86635519667499,27.04548762553806,60.0,60.0,34.10296310073843
35.884080440581755,42.01315193134739,16.022870935598107,30.0,75.0,11.633042806672949
35.44158144535441,42.29597675703103,44.02204890705689,22.0,30.0,7.7701009182385485
55.99891325961601,89.07927571126565,17.54909512296748,7.2,30.0,149.28537276044418
38.67165781086781,98.83108994171192,43.7950314419663,120.0,40.5,24.119949861291545
51.821780058745226,59.96007306712194,40.10132161750385,22.0,40.5,12.204181517739865
48.26916039497326,93.2201476610472,44.227275765652095,30.0,50.0,88.1550989649374
33.2554058998216,81.2227500837246,22.577852793574003,7.2,30.0,165.53362185939815
8.661653144402749,38.91337767111373,38.588469218706756,120.0,40.5,7.068332832235086
39.35620172567979,88.44222406359509,15.723983360776607,120.0,50.0,22.523345545725526
65.63452171078612,75.33125987025161,23.33292148431765,22.0,50.0,17.105013276026053
61.214495660593236,83.44084780248413,39.32461613514454,7.2,60.0,172.5287588048468
76.422603845083,96.15436105533583,32.36101943076727,7.2,50.0,138.6070747526679
29.8545604206978,98.51739174781729,40.90329400531,7.2,40.5,504.6651048536484
23.44234501448608,62.55473296177381,42.614169018416646,50.0,40.5,25.84935639244818
7.428153295580607,63.766156414784916,31.613296877977447,120.0,40.5,13.430893340674512
9.039658584132235,20.028761797405306,28.2156523195244,60.0,75.0,8.972422921205922
15.279476265243595,87.96785110047782,33.494380756237334,30.0,75.0,175.0660422295784
60.704814782248945,88.31902836001828,27.205923226178996,50.0,40.5,19.919046475790104
27.633441735220735,89.7309649668917,37.76795845844045,7.2,50.0,372.2443346419016
13.3289333283582,77.35767950014043,23.025355720615998,120.0,30.0,12.224342791855312
61.46975495036462,80.7053973060071,40.11982301473554,50.0,50.0,20.962739779860392
78.04554376799429,88.59892963703388,42.694316631505735,120.0,50.0,5.0
39.76336102689132,78.64498665140125,23.175935071206204,22.0,40.5,53.595967597514715
31.07538061016835,84.84062668414204,33.239135027944876,7.2,40.5,265.6361062895458
77.06416825885847,94.08450203770418,20.25524591112543,7.2,50.0,116.12267775277459
6.118269811610592,22.6198323963805,22.54993305136412,7.2,75.0,103.74205342915798
65.24443037592138,76.64880292147417,24.72083866901544,22.0,40.5,15.691470486805214
35.22766167010139,96.80232463228234,22.39563887518105,120.0,75.0,39.72997814264558
5.10259882726526,50.25071538406581,23.301599926268977,22.0,30.0,41.11161318161258
7.8498377978556615,65.62181232277688,29.54334180271341,50.0,75.0,55.83597754520481
36.00624313804315,45.29403656791881,36.42364582206917,60.0,30.0,5.0
72.95838135849932,82.12259563358734,22.695612819774237,120.0,30.0,5.0
73.48884530683128,96.71344335007055,29.385916581638664,60.0,40.5,15.957579116756222
18.171858599662865,73.77260184772429,44.26314869560712,7.2,75.0,535.5679748825341
63.22112480137197,91.04702749320778,22.94301521234263,22.0,50.0,69.95444522347753
41.8784430117554,53.664337505124216,15.149174559670476,22.0,30.0,11.917960648247531
17.672911252841775,58.76264840802688,18.00859417436717,30.0,30.0,30.65910877500283
11.17647427525686,62.30418521900891,23.1380575944953,50.0,75.0,46.31728839279052
20.909404904145493,60.96126076852658,44.05841446037788,120.0,75.0,21.44767634320122
12.712461204811804,22.071471266174186,40.668078811620845,7.2,30.0,30.52948682216142
7.488061831683036,21.63372119179462,21.282594504008426,7.2,50.0,65.73408797264226
45.1305312334411,89.9008828991754,32.87422597169909,120.0,60.0,20.77251953461983
78.62954130362442,90.35849664330001,37.90172035324079,50.0,60.0,14.149007573089031
17.645274603690677,83.85589443552637,34.45119227154184,120.0,40.5,21.87243916701685
58.03531384517648,75.22302093078663,26.722510431272795,7.2,30.0,52.953001175350366
41.586011135569926,99.45878190523138,21.417686114991533,120.0,60.0,32.27224721092691
62.30094692492905,76.8636365756465,17.441709498989486,30.0,30.0,12.682328479703358
79.12924089798972,91.58535646701199,22.69255108726262,22.0,30.0,17.83682577258679
76.57734616636284,85.36734344892659,24.35049770537884,120.0,50.0,5.0
71.6590075037163,84.31367591706758,27.68610347190413,60.0,75.0,15.360498243743162
70.98485429839397,96.57064522266306,26.251631606566086,60.0,50.0,22.66607180720318
73.0230719801359,97.67017473694467,43.982911922637285,60.0,40.5,22.489511308846048
10.11782623272806,38.25622181719947,32.34922888411741,22.0,75.0,62.7352207755349
14.644010969845503,26.98970362674921,20.34703269807967,30.0,60.0,15.70201188356977
56.95861298212577,69.56750898680733,44.19840454900224,60.0,50.0,8.410700192876511
10.03007386552167,70.2866249866418,18.602721197146536,60.0,30.0,28.907926144026945
73.13476356952953,83.07246719975637,31.411836443958787,22.0,60.0,24.39398694736301
64.26618211639581,83.93474595459003,38.498330438471086,30.0,30.0,17.564776818287722
10.836759847787446,57.69796855188768,19.44332774667069,7.2,30.0,154.75142712020343
76.58453206539751,97.22806600949347,43.54391039237459,50.0,30.0,17.11826493358283
70.13782929475782,96.62901263849278,35.798232822261554,60.0,40.5,18.81936095416234
41.71706796707043,71.01970096939826,21.168884265968437,7.2,30.0,98.82073072404575
24.560632039458223,77.6526765817405,43.221512389173256,7.2,40.5,275.3627543708176
32.00882866167529,74.8113385866346,19.68784019434067,120.0,40.5,12.657637303388576
52.821982620969806,70.63792423551025,31.21587753266807,50.0,50.0,13.611491514422594
77.83043439708648,99.64352836893333,34.64783204316408,50.0,60.0,27.629591420657547
18.39146444636873,23.492176588278866,40.59455429907022,7.2,30.0,16.70600976836311
57.572724093359035,97.59299116247126,34.97021208687873,30.0,30.0,42.908169106044326
43.82078580596188,92.77223007321567,34.55400310143201,22.0,75.0,172.3641403527266
23.907399467172496,96.79299217376817,29.500629091766967,22.0,75.0,259.51113309027704
73.49342146162371,83.48226919638071,18.634157215467045,22.0,60.0,29.7630495482775
57.122395161397925,73.80364365021565,41.305757490785155,120.0,60.0,7.225421035730135
16.22550984377008,39.05460635068951,29.05739413125417,22.0,50.0,34.79929493997638
64.80634316249365,89.2351138692883,38.443804374919154,120.0,40.5,7.201786438663846
46.34979122692259,80.8026457137515,36.16507981989412,30.0,75.0,76.68311681121838
56.11359015817534,74.70235433594624,21.37869568857939,120.0,40.5,5.0
6.178743726446585,51.84424691318641,15.760129588439005,120.0,40.5,11.76712654031151
64.46767087472269,94.02776793914128,21.212544746631313,22.0,40.5,56.28185134179648
79.41287858363071,94.63170110152132,31.262895275949564,50.0,60.0,18.52316456721121
27.95438396938586,77.7129659630653,36.16226621920452,120.0,50.0,14.599685363856914
69.79677710862673,82.8958908987446,44.68694424713421,7.2,50.0,101.06444214974915
37.44818604530269,69.38727279238147,44.59067386517223,50.0,30.0,16.529942813624665
53.61260367346576,75.33394379453615,15.485086198635592,22.0,60.0,50.696165743563746
51.2073921612016,64.48494246582348,20.75662649154286,7.2,75.0,92.97395675486358
16.20739266065143,66.92100155359842,34.852954641821874,60.0,60.0,32.935053808095
36.96136613380428,96.85688348578346,21.531871027410737,120.0,40.5,22.479700492702655
55.990465546038116,86.07091266231262,40.833907291343436,50.0,30.0,18.3587874904239
79.37856715905777,89.10354800484727,34.04968984789351,60.0,30.0,5.0
61.694550874792796,79.43394280645023,27.334828975390472,7.2,50.0,93.4721214950828
72.49096404283641,83.9096188915884,42.01850196305848,120.0,30.0,5.0
28.31840216466337,66.9081065037971,19.853200691541097,30.0,75.0,76.79684073748234
12.18259146497202,30.46191934566971,17.56400404462444,50.0,60.0,15.24323339508623
52.591260564622026,86.6151837095178,31.013098272960725,60.0,50.0,25.90391116869957
34.315688677687135,44.75955393093663,33.76669319167467,22.0,30.0,9.58291606932744
63.147351379812726,93.68227441218342,34.48578386248107,30.0,50.0,53.26596263872336
66.55065375508029,84.38597470923294,33.109335735179634,7.2,60.0,135.157189695052
25.250374734876047,32.69039018520501,22.832003996859875,7.2,60.0,40.388208003577766
11.127796970167157,27.48229806070395,19.670283766259264,7.2,60.0,106.35074295895251
75.54774131046823,84.4713505396068,24.29317454172147,120.0,30.0,5.0
10.913677292796907,40.03834169246176,24.660966179264612,60.0,60.0,19.754366570819965
21.149789564654863,79.46296351927687,39.319973204505374,60.0,30.0,23.413445555966575
25.461700166015167,41.474690753188526,16.56113513083681,60.0,75.0,15.098857479461856
57.00462519487833,96.84811610618165,26.838148549837218,7.2,75.0,429.4697382024395
22.51843123413997,80.86374156659258,15.235347637218696,22.0,60.0,169.5679645400408
70.70246536409488,86.27410222534462,31.061428661461836,120.0,60.0,7.5378587160398824
16.948061168895194,59.71437768451446,21.552693859891786,22.0,30.0,39.330846196212065
61.4899776435672,76.35359128407252,37.899242315403896,60.0,75.0,14.887206261555379
61.083247870407554,79.56359415018956,21.312614512245545,7.2,60.0,115.52719727829326
61.37122952347077,73.56778806792377,36.494695899977266,120.0,60.0,5.0
57.17294435323527,66.651727665221,22.519679401247085,60.0,60.0,6.1598955434964395
59.96916947229269,68.77733531448644,37.56178105351105,7.2,40.5,34.928747261383435
60.708248083092116,82.04230501314258,16.499481452326556,50.0,40.5,16.92526915498448
73.69628528842583,95.28108018410975,16.691345738716574,50.0,40.5,20.98780448238749
17.933685017980135,24.532143875832855,15.947430364392618,30.0,75.0,12.74104104480371
47.72808879274499,67.19609203498372,21.53397345349265,30.0,40.5,17.645809781819526
47.75952311216859,87.44112188639514,43.52616613876284,60.0,50.0,34.822511847969
47.25120217797229,88.67558117462787,26.012248522351037,120.0,40.5,11.828480389725685
29.11911981680367,35.39952494671074,18.321170664195325,7.2,30.0,19.333167608110376
54.24927174671339,93.35794897936863,26.199462190978227,22.0,75.0,141.57971452911556
16.30527447733763,70.14001003139992,27.596087726109204,60.0,60.0,44.33444495944677
24.406373390136462,51.240492443620774,19.847625052742046,30.0,30.0,19.398655657745262
33.21104825078676,67.11826867019757,27.581695139051682,120.0,40.5,7.551045391612524
41.10168740808892,82.75582929334729,41.918480164065656,50.0,60.0,55.15425823644226
56.85123982071218,88.36613030987337,27.903548208230717,22.0,60.0,81.35078388391884
17.18451603776248,68.92573017454907,29.737163278530108,60.0,50.0,27.131574730722715
33.62823643201562,61.63224952679443,22.326134195638463,7.2,30.0,71.59370212891123
66.28137101897372,94.97271581518832,22.112318626686438,120.0,50.0,12.839238091738821
26.551524630649755,72.10631570477297,23.933612196878965,7.2,75.0,358.28054876805436
64.41880251230137,98.82052334715348,27.808985978436578,30.0,40.5,51.07853895395993
15.849117650523263,69.22727126955597,42.99776002742561,50.0,40.5,36.75660445647643
50.03417654563589,59.548796633279466,43.40314444308063,30.0,75.0,18.545225457305726
54.246646210484684,96.6929489356609,27.01786122315817,30.0,75.0,119.87620038506917
47.87297924526109,74.31629360842625,19.4891016452678,7.2,75.0,243.61438848815638
11.29269063711485,59.540364096119774,21.751750365440163,50.0,30.0,18.711058070128797
20.59162655787478,85.1424975716092,33.735540460930416,30.0,30.0,57.882671491072614
76.98825700538889,91.3559832956285,27.02097843729759,50.0,75.0,22.46816685929923
67.14546002365877,83.99772646920425,16.853814322200623,7.2,30.0,78.71436519452838
44.52222993691187,77.46464344862952,42.21797138444453,7.2,40.5,179.40212899222695
65.28139807280613,86.71505938911517,29.656834817545246,22.0,30.0,26.542656903746177
28.313461663804492,96.90950914052684,38.508682273302895,30.0,30.0,69.45036927183722
78.38425041382129,89.61583274040623,18.207768073417345,22.0,30.0,16.000252811660275
5.822443704233544,89.86013237649975,23.144526524995754,22.0,30.0,100.49108120816939
48.08253179722688,91.23207633297254,38.58928658130839,120.0,60.0,24.108564611913373
79.71101232000038,86.49286142643983,40.486312786623664,30.0,50.0,12.418029580936006
9.197416794650527,57.65308907793728,41.1267171008,120.0,75.0,25.574466246640966
37.1422878354273,62.87661915601462,28.216099443701346,50.0,50.0,17.44226499490504
71.11060825222037,95.0098433391338,31.600010172683113,30.0,60.0,50.053569409273884
9.246122985104256,28.814238168582524,23.558931626706848,50.0,30.0,7.184161125398225
61.67613327871399,75.51837054467643,24.300655386483072,60.0,40.5,7.6520185822718245
11.402658449492396,53.55184256979593,40.4826680836467,60.0,60.0,33.75079712928429
58.002078525688596,99.01070308269608,41.794161551383006,50.0,30.0,33.318612937588775
8.735021217078257,29.3168207362758,34.42523272203712,22.0,50.0,31.20655065715398
75.91650078255894,83.08443151151508,41.044453117625665,50.0,75.0,11.361624579466513
9.683701675008633,17.68348357926162,20.0522384703009,120.0,40.5,5.0
38.275864974159454,91.526447090099,17.3001714590487,50.0,40.5,54.64121965990223
6.849204178016967,91.95119468529737,30.552226342037276,120.0,50.0,38.249086735796816
16.648476511002976,24.302670756169135,44.69524145866706,22.0,30.0,7.470209528538706
76.07387398108168,88.05150936518075,15.302712150656445,22.0,50.0,25.719358222588433
18.593585454961623,66.80438620674244,34.11914479284973,50.0,75.0,48.74124309520855
62.2663425544539,98.69740361758298,23.284092489095816,50.0,75.0,60.16781840147219
76.49692972747174,93.99306384989008,31.468160355560247,120.0,50.0,7.73466150784075
18.950632389199644,43.324877657437284,24.148039130929824,7.2,30.0,66.18196447533298
61.459469089657894,78.72577310177398,36.790710531422484,7.2,60.0,112.21844466646344
76.5179167876369,97.03592658728869,27.780024315072282,7.2,30.0,95.6256404784663
43.87363364018917,96.30040917397645,27.220047615097823,30.0,50.0,86.52313389704659
49.00660975185411,66.6351388957312,15.974439661076842,50.0,75.0,21.309707029821485
26.61631872169002,44.905070168970276,44.21806722313282,22.0,75.0,49.78478052965025
47.035511163012636,95.90842494237579,35.233232141006056,7.2,30.0,220.61531564918448
12.54177157797871,39.957705698045785,44.37401752553175,22.0,40.5,38.185088012025915
31.727419499077868,48.83013465891922,40.68900581091435,120.0,75.0,8.695076534842833
77.66445016008413,94.71209321053655,27.03976331823672,50.0,60.0,21.18242755250051
73.00567794294155,99.94832078550506,19.92343318787371,60.0,50.0,27.44980494176346
66.81521836716908,93.41104117470547,26.24976434839769,60.0,40.5,17.334535403731913
65.16335746433542,98.41555569090752,15.961935644525134,120.0,75.0,24.30536926411645
40.94570602204162,85.33564761876397,32.00697705095453,120.0,60.0,20.034241426674825
74.9334466763761,82.87915444533519,35.7700849472917,7.2,30.0,28.682943743802632
70.00901648673182,84.86162114053886,42.74647329803077,60.0,40.5,10.035475757718006
24.7416052150351,79.64423541485505,35.337328375388005,60.0,50.0,31.828271848225388
76.47849396198838,86.69832997909991,26.461044912338128,120.0,50.0,5.0
75.82491768112187,92.53607034800169,36.47550046580433,7.2,50.0,119.80785677316369
31.2986962215514,51.6802823736983,16.86953175147557,22.0,60.0,42.88475190594008
27.433709870896827,83.6776549291381,21.168147571174,7.2,75.0,512.4833977248545
73.0972038890788,79.37854446496947,32.64941536474416,22.0,50.0,10.866747528754164
64.27120515296313,78.14619506593284,26.62492135706894,30.0,50.0,18.557268371359644
19.01258749508145,50.70532208658277,32.182656998545646,22.0,75.0,74.69107645288504
22.673174899976523,95.31047409144502,43.647237268050105,120.0,50.0,38.452545267758204
34.76947104678604,89.25128282291378,17.430446784937924,50.0,40.5,48.215737326133656
31.729512589871778,73.53936640035732,17.986441155266462,7.2,40.5,211.93436836914833
21.481948554703724,74.27607442908268,42.13063020750943,50.0,40.5,41.817954565855
52.36651140814681,60.72214712922148,29.59050345328486,30.0,60.0,12.000450703199153
62.11561610570817,90.01073022210676,22.167864512335758,22.0,40.5,49.3552590393806
34.10723177757647,56.01182557604782,32.11128601046471,22.0,60.0,42.00770392291329
50.239161755338905,61.76003379620218,36.79414630487494,30.0,40.5,10.550311639433128
25.394715309311547,57.13057949645357,37.024487919124525,7.2,30.0,81.83050931164541
30.384781343137284,61.142626053314515,25.17520860006732,120.0,75.0,13.236949041645119
41.27603343183999,85.43189478557204,28.240802360568644,30.0,40.5,53.001853307639806
12.112282913307602,45.862468704717166,16.097094370888748,50.0,30.0,14.754205633950642
55.11777627330079,88.70871135060173,32.435560281963404,30.0,50.0,53.798422259980306
76.90899829553061,97.5083576209704,20.0367807541504,7.2,40.5,125.6905256756324
50.092704346917884,61.53333574793488,42.044147518429654,120.0,50.0,5.0
38.546865490447104,88.15420258204762,39.06433134307454,60.0,50.0,35.90785092885674
75.87020340240473,96.62953112093466,34.144651964604925,120.0,40.5,7.709596118400763
33.458404016071356,90.03841728786621,24.39483428586537,22.0,30.0,82.51470168576874
71.19119858482611,81.77727354755659,22.87108755866924,50.0,60.0,11.626594394489015
6.502578805791136,23.978886571085575,35.365391550865844,60.0,75.0,14.291426349693905
12.747535835995992,34.00455286963206,29.388958685985806,60.0,40.5,9.663125675953662
30.42714123079323,72.32480841295427,28.421394679142022,50.0,40.5,26.862243433842995
27.19944688579752,54.314974458029795,43.827522946741844,60.0,50.0,18.767727653736635
36.25025624047778,84.95215088426285,40.69122294644407,60.0,30.0,25.874769897446267
67.46418564634408,73.68531260426565,24.2526326648604,50.0,40.5,5.0
27.146147786221235,45.56071109843346,25.9218861538998,120.0,40.5,5.0
53.31810506194864,59.16594944546104,36.73894010698181,50.0,75.0,5.831442487780288
27.300781065503426,49.727320294788285,26.44323246316827,50.0,40.5,11.876737832362387
51.58500551362486,63.71651156836753,40.37943877338039,60.0,75.0,12.446564940173946
46.69033222973789,93.09641270419998,21.978944592289153,7.2,30.0,219.1151938670227
75.53476391214258,87.06912964552501,30.896589419405665,22.0,40.5,18.95714591310946
28.145576122657747,73.75003722828846,20.55495136248608,30.0,75.0,83.60242592926846
35.33894350629691,73.37355225939017,43.14084382093402,50.0,50.0,35.78928210953138
32.816773417881876,83.23954980583464,27.32028744848101,50.0,60.0,52.92981869559458
47.41255485166261,85.44138611819228,38.03130154672529,120.0,60.0,18.204889359131748
52.79598575923156,91.04016723413807,35.99307130444315,60.0,75.0,48.06270354548101
76.9795128529221,97.8193824372672,37.640475626044235,60.0,60.0,21.01973596429348
58.60076531940656,77.57662006522312,38.126952129564074,50.0,40.5,12.294768725591885
47.0173340148697,61.79996043048385,42.08481035180465,60.0,75.0,15.691102688932782
30.12868782038618,85.63397684803131,40.6624846389354,7.2,75.0,646.5460227744418
73.46719852296755,94.72299365992411,21.813790967755967,60.0,40.5,15.736801857263707
19.129607555036916,83.65069942594411,32.884883937320325,30.0,75.0,151.33557186505016
6.442377759257013,21.37866401218387,44.716956382702044,30.0,50.0,19.973941277724638
61.4652083377678,88.52367018441504,32.43367199787167,22.0,60.0,61.86081089048943
38.18531952451388,52.017291832564915,32.87824787192113,50.0,30.0,5.5537127193168665
7.007793927734588,20.09761573113967,35.57787662124659,120.0,40.5,5.0
5.607570623549184,65.73698409723666,17.811745981791493,7.2,60.0,380.080613042581
23.077380342770823,63.860322826474686,43.33681110801443,120.0,75.0,20.44915487477048
70.3685543940862,76.20162159922604,27.129901780426266,120.0,40.5,5.0
57.70957698635017,71.85147134006156,30.169972292531344,30.0,60.0,21.407255223127066
55.01272105709698,97.20651082151294,35.61829835161294,50.0,40.5,33.740257768710364
17.12071854465229,38.21151892808101,30.265225443915202,30.0,40.5,19.240140941414076
78.03513899622492,83.69888587179129,43.385925794400954,22.0,40.5,11.30118804984064
14.168970490508574,89.83930332761697,16.789187538863146,30.0,60.0,147.67657018112982
14.836716797394404,97.53855929800869,44.52418941125208,120.0,75.0,62.78052108171734
33.60263483650358,54.73157726966342,16.341308236646896,120.0,40.5,5.954592619869719
54.62905042945464,95.42284872136968,36.51872044411712,7.2,50.0,284.316443608028
13.365000526375738,75.84867323637548,36.85083908210167,120.0,30.0,11.80493063685347
49.86865946593867,82.81089632363788,16.008289869450188,22.0,60.0,94.45216148982627
28.71130188337464,65.78863444988002,39.42164616936028,7.2,40.5,136.90133651878887
75.48636405754065,88.21203011908379,36.55044973562228,30.0,50.0,19.001290009780433
63.55384967798918,78.44960645502624,29.457227065080065,50.0,60.0,13.370638349629589
20.319856874975404,82.57799445634186,23.86131011521848,7.2,60.0,427.51176848358045
5.716863961105144,31.888717075816494,22.05086361354401,120.0,60.0,8.762679218587024
39.26709162368209,67.16773838042818,31.65027259424554,50.0,75.0,30.447637068922223
19.002423865787954,39.080398391722476,29.173809865618427,7.2,50.0,91.9872169881317
33.36161139205563,80.50566958183754,21.852553704958076,7.2,50.0,305.6059580178693
29.455287674534247,43.209325789244346,29.678166776928247,50.0,30.0,5.600031446464544
6.333885594686257,14.309447833970133,29.488600896499968,30.0,40.5,7.010173316220006
39.044972130724275,66.87100718693075,29.917364405686897,50.0,30.0,10.907312031901238
54.57702936757754,86.3144329553581,40.437724868352326,22.0,50.0,78.44601135148089
43.455235271391885,72.97255335788233,34.352923369279594,30.0,60.0,45.026115606576354
58.9397420385241,87.11940238377645,30.59227459311802,120.0,60.0,13.614059473431979
26.31335002926968,71.93276448457743,31.40210843951604,60.0,60.0,33.71175961059668
10.290072142799144,80.75428498083788,22.49043193017975,60.0,60.0,61.7298223046809
70.72640847703937,86.49890316697858,23.547258691252953,60.0,75.0,16.34662579814487
6.9470763765440715,19.87056769701141,23.596421956614513,50.0,40.5,7.3554296530161976
38.98522486088747,61.64324574593292,43.23658586236972,22.0,50.0,39.745769813819834
26.372619930293425,58.11368448503789,15.019183825816047,22.0,30.0,32.519137287856864
79.60602885218475,93.3992702903632,29.178396259024183,120.0,30.0,5.0
61.6905019503099,69.12155368263385,40.95507474429776,30.0,50.0,10.091164627079499
24.95389418295086,92.31693742940152,44.37674916769832,120.0,50.0,38.13291658151592
14.1540325310987,34.46090300708784,21.34561553232682,30.0,50.0,22.745980730781692
12.665848619046688,29.42797612738563,40.860559170319995,60.0,60.0,13.562038802490248
79.28492990461822,96.97735715657402,20.645525075038368,120.0,30.0,5.0
76.73958118085068,96.14840258756466,36.720263764846614,60.0,60.0,21.00037653187135
16.157782117558828,72.94194383637148,38.55726065059075,60.0,75.0,50.55424900771549
28.91388567024368,99.52513573109876,35.35280001026211,50.0,50.0,75.41171488810514
23.6673788894894,45.3980243618557,20.782629656611185,22.0,60.0,36.62288410554572
39.847030315140834,45.600300553509186,29.45046967365576,7.2,40.5,21.33342861558732
41.75836074773415,51.36841363572585,32.77336322371243,60.0,60.0,6.594360715201981
66.0658173787151,93.29443887552989,39.08976053601459,30.0,50.0,45.74191514574443
47.6576826892158,90.08933685606135,35.9141944183735,30.0,40.5,60.37551651321702
62.640357275856196,81.47755043600635,39.58003872091856,7.2,75.0,174.59344507097015
8.893337725179713,85.98883358861589,43.142177901162334,7.2,40.5,487.68435464173547
19.959399941311954,44.658280916584104,37.36753014668574,22.0,40.5,31.1922950157357
5.6662852871620935,13.938725750951404,32.9017301197759,7.2,40.5,29.037140686897267
37.40382706280356,72.80937651624721,23.191164986587427,30.0,40.5,35.44642458002691
49.17792054562554,65.82829433969478,22.769953635842988,22.0,50.0,23.522309145029915
18.16335893491221,42.15543606567591,44.212446423538815,50.0,75.0,27.404869857215083
41.78446438681159,50.72875595096767,16.04226437766981,50.0,30.0,5.0
55.38259703422718,77.47532715205838,18.46835664577244,30.0,30.0,18.24618988584453
7.107626271323316,98.20821632180989,44.4117455808208,22.0,50.0,268.9879993715759
14.376026758685732,30.297238502433494,39.666719990903715,60.0,50.0,7.991423686805939
26.429857142433594,91.04879297225003,17.16816036765711,30.0,40.5,104.78325797240451
28.226042326359188,53.06573086730015,24.174077473484363,30.0,75.0,38.54823543703724
72.7926504712791,78.77741789922686,24.67323812449909,60.0,30.0,5.0
22.17510692772758,41.81860445298261,42.217412072264956,30.0,50.0,25.926112437718654
54.09386001435952,63.32754338452233,22.60518566775044,120.0,60.0,5.0
6.334849754071196,50.35907941812121,22.588814833728872,120.0,50.0,12.513482944245993
62.0511885154279,68.6407750338923,26.14869031073303,22.0,40.5,8.041696819948466
66.02209101672351,88.94773746443381,40.14447496129071,50.0,40.5,21.216521637696314
7.718923813609614,87.442890801715,21.92453355563345,120.0,50.0,30.961656654567694
71.6080939258604,87.68508886850049,37.39700021410179,50.0,30.0,8.90667077053597
38.512567288994646,53.29197888439963,16.434331911074395,7.2,40.5,61.924482080764115
77.35643996238728,95.3243937488691,16.855842731498814,120.0,40.5,7.02052028368139
57.23316567781683,73.93255924780185,41.190189238666946,30.0,30.0,16.374894170442722
63.574698577112926,76.2205648032975,43.463901376759786,7.2,75.0,122.4590599106324
6.717662109868423,96.3775413889252,25.333239182620947,50.0,30.0,56.72758552289034
11.505745446751444,26.278295518301857,36.45575611960947,7.2,30.0,39.065925871514274
32.22040844190037,69.01802648736579,25.829082409456205,50.0,30.0,14.187583629112828
38.45279957506467,56.0500535343042,34.603002577434005,120.0,50.0,5.0
72.43415754953531,85.06381699134616,37.32497287444827,22.0,30.0,14.98707941157898
50.628816261239415,57.412479777100366,37.85687376563719,22.0,50.0,9.603787505141886
26.35234766656666,97.24973970956434,26.372601691465565,30.0,30.0,73.56700367626206
49.49446026315329,63.110830624873294,25.837283821230315,30.0,60.0,17.393408743375804
34.91274611298168,85.00155608908794,17.195252963040062,30.0,50.0,84.53214019969994
64.28114377394077,97.42793589042762,26.651006330146426,60.0,30.0,18.16091457910828
74.87215275600796,94.70462905026544,35.81961209457958,7.2,40.5,123.52308489689685
48.21899713164442,97.76561231203347,28.27712419985128,22.0,75.0,186.24085148553067
45.50875320221151,74.95277664168644,30.402688009454245,120.0,30.0,5.697487221948843
41.708689901415454,72.75141746678037,17.325531293789574,120.0,40.5,9.2206879647224
49.54530828939532,93.78839385535082,19.77494214265962,22.0,75.0,182.91922299183275
46.39259138713793,91.89334249332519,39.070816529474335,30.0,60.0,96.10432301633458
73.34523417376333,78.76315236278826,34.602957725230866,60.0,75.0,5.0
6.523285087501342,61.25997972869867,28.95835716036022,7.2,30.0,162.55844023904078
15.966611634539547,91.41251692609198,28.48563517787109,60.0,50.0,65.00666245462514
38.431371561459024,57.2548905145989,30.83531734620951,60.0,60.0,12.24357427507104
5.0180502307176695,82.4961473651539,24.90637010178438,7.2,50.0,493.8605426457997
38.15455327956673,78.88962174866519,19.40342164907377,30.0,40.5,49.20407081055816
61.08239578550241,75.63361383002267,15.596397260918412,7.2,75.0,125.85001479138505
36.51009156373253,98.18106428147493,35.83822834880185,30.0,50.0,114.85392739167685
56.66498633191671,95.97607909808308,35.98136597199664,22.0,60.0,114.70815860795604
59.37281036565432,64.93197680339846,23.68142170817084,22.0,50.0,8.381009031127803
41.45338058624219,69.05131585685794,18.180815698661366,120.0,30.0,5.643882476914235
10.35670783183681,54.910163016245036,20.26233874966233,7.2,50.0,210.41513020993986
43.66136820404692,55.50914560533246,44.38187190798718,22.0,30.0,13.546141127334504
25.9990662090573,32.98638767280029,27.44492015666862,120.0,30.0,5.0
28.163285685684436,54.23559926888213,16.816567687237818,120.0,60.0,9.886039308922236
47.0695434533196,62.82634682812083,30.306804815975845,120.0,50.0,5.0
39.907922795024234,95.9524828265552,15.29424344141929,30.0,40.5,97.99897896928647
67.43671058145864,96.70845931808807,33.204942867411994,22.0,50.0,70.7963606019826
34.01812682632618,80.65823564688367,41.92220907577076,22.0,50.0,102.61977167114897
31.181190369892786,44.61155312226069,18.79859487135071,50.0,60.0,12.259107935180564
78.24617892444199,86.87051578406742,19.223997366290714,7.2,75.0,92.8748772788228
12.066678406063055,43.20620730272325,41.25561640376187,120.0,40.5,8.23272693765765
39.418739322405145,98.3087762812434,23.88463404791574,7.2,50.0,447.3734292356679
39.5716635584887,83.83659020344942,17.691341281591022,50.0,30.0,26.098989534849558
45.67954732012996,61.638907357901374,19.407690813018192,50.0,40.5,9.655387722423232
24.984486623487104,58.28420640131594,36.0556653195186,120.0,40.5,6.9499325857429834
70.5027079737064,85.02713554130145,18.57300172828067,120.0,50.0,6.205528863131483
41.638876544811964,84.07159262045796,44.591957294558995,7.2,50.0,327.02301215405686
49.90513346217982,86.0110308742186,35.645013526467565,120.0,50.0,13.517209282840987
28.630372003492397,56.84994350168195,37.86740295050144,22.0,60.0,52.04189463429495
18.159122764770576,85.10897990373216,41.652951154322885,120.0,60.0,34.81194089350624
38.04902056618301,81.57049143308376,20.261657556598323,22.0,30.0,56.05176998525095
37.217497460534645,73.06043328703612,43.658585880054666,50.0,60.0,37.202339081181556
67.38994025549037,75.02768413769353,18.337837419284053,30.0,40.5,9.033479285293476
20.707128960420018,96.20226915090299,16.8234350588821,30.0,30.0,93.54555927933336
36.67639045255509,51.69840205693551,25.744405992050794,7.2,60.0,81.64693090657241
41.67630352599457,89.22495357425603,32.06910101283723,50.0,60.0,51.61342084096793
55.07054222952524,78.0172041033071,35.68016466600248,120.0,30.0,5.0
67.35431308003093,73.46696556334541,22.07760331420151,22.0,30.0,6.397410951977808
66.0227017851373,71.15256914913871,30.03698180035224,22.0,75.0,13.987422876929621
11.308257448226428,31.483734315288547,29.27390444983803,60.0,50.0,11.009462453471619
22.902560352423386,44.23651277347388,26.8544732549291,22.0,50.0,33.33023890361785
58.545655987006555,64.88694707005659,26.336569223181716,50.0,75.0,6.292691511747367
79.01777498264417,98.19292811576783,27.32529532442729,120.0,40.5,6.7437005344911185
13.55860678900839,38.14624260653641,24.200058909393494,120.0,30.0,5.0
72.38341506081372,81.69074718179242,44.47777416031764,30.0,50.0,16.70743938549253
49.0269411450322,87.15836033079322,27.657166686579615,60.0,60.0,34.66776325829281
64.43655666244847,72.2505342875583,16.669223180632137,7.2,50.0,44.589322122366696
70.73219561318263,96.19478744123853,43.56175254891632,30.0,30.0,33.376641751026256
10.673351049301223,54.702309402526296,44.67768715845177,30.0,60.0,74.60587794313234
75.3690933286378,80.61270728680199,20.16983707022175,120.0,40.5,5.0
55.475682572228926,72.51399708303907,16.06889386170418,7.2,50.0,100.15515679241399
16.185133088565337,86.56389097745931,40.09560583342736,30.0,30.0,73.25274494229251
27.805271358519274,33.38010681519997,40.00822676064721,50.0,60.0,5.330306522938389
74.503463398083,80.15146163377403,38.20176673886317,50.0,75.0,7.816799741168388
9.730638075722505,82.02043926887222,30.886892809450117,60.0,50.0,56.88403135754283
65.45838632438037,83.39169094466709,31.63742014606873,50.0,30.0,9.188300934163877
50.978901940210896,83.63645361667191,37.0232094264338,22.0,75.0,91.88476560998696
76.33180096753073,91.38162972042291,35.15868421484736,120.0,40.5,5.623667273360297
58.01832613242428,64.5027478948015,31.39782790491734,60.0,40.5,5.0
69.39871841769731,97.9372945166972,25.60644667690365,30.0,50.0,48.689256039889976
29.191942747495126,62.123112405337984,19.367032759575036,120.0,40.5,8.463892724694249
72.05409595266084,88.44957833777798,31.32761728052589,120.0,30.0,5.0
77.84721705714091,89.23433534589206,26.147193255486002,22.0,75.0,36.99947754541783
62.75228515261374,99.0007388830792,38.20254632716089,120.0,75.0,23.940775947827987
68.89118673948843,90.23360974984105,42.669767346627985,120.0,30.0,6.296647979111648
45.79801842323595,76.14000806613637,35.7460267523093,60.0,40.5,14.486416746399545
36.39984600964045,93.04345895909347,31.815948164864892,22.0,60.0,171.24788164035505
73.38472990687872,93.88927836036484,18.15878574767835,60.0,75.0,31.198920459612204
21.427877123154385,31.71766998739745,36.47021330566019,60.0,30.0,5.0
30.95018097292073,64.84980571296416,37.4567695701203,60.0,30.0,10.526629597902897
40.130715876826905,93.70555095591122,25.84770799260929,30.0,30.0,59.2253434042092
61.78749690593897,70.22283769829572,21.93454102688031,22.0,60.0,18.018386194706654
40.3526116776118,97.60967940906961,28.011836486879332,120.0,75.0,37.92261396477597
40.18272312136174,68.57824190272102,30.449213549463156,30.0,75.0,48.34927684232595
58.89512471316065,79.79423861764609,19.27389444261326,120.0,30.0,5.0
22.205899342595472,74.16807002981265,25.04568643728636,60.0,75.0,47.40680436152548
40.46951820229476,91.63400305722224,25.063918535479424,30.0,75.0,137.73914256762762
18.041913129855864,66.53495328807284,42.36599701488604,22.0,75.0,137.58602534307232
47.80514367321056,73.69382446323607,31.547623768447377,120.0,30.0,5.165620261693762
61.898644455683545,86.80667968701381,25.4183170462881,22.0,40.5,41.27857443451274
62.848522491876054,81.07922853682204,20.515371806678935,50.0,60.0,18.82703772271314
37.488278673191544,50.73259278528423,20.042923432998297,7.2,75.0,90.48331663420464
20.20161519337682,33.56751113661212,34.20782165652681,60.0,60.0,9.514477249347769
18.557743947567737,68.73409944348003,17.69097891024764,50.0,50.0,38.118118966119475
46.67776555402259,75.10155107195183,40.05089883800541,22.0,50.0,55.85368453014002
79.31881060958843,86.76391970086335,22.606493277957277,7.2,30.0,28.315278076962173
63.41694838269288,88.34793142847931,30.418995375679366,22.0,50.0,51.12991377558759
45.195199484680344,94.28385245369685,22.560442010371574,50.0,75.0,76.07776926889936
71.6910510068143,84.76525508244085,26.079905064589344,50.0,50.0,11.74416421896532
29.957278650175954,52.95264460520191,34.67846132515176,7.2,30.0,63.59539624790344
19.30611977793521,76.83918242890375,33.078987638569046,60.0,40.5,29.068665587268402
61.38752832947384,66.97885533378337,23.04035196258226,30.0,40.5,5.0
41.93988357572448,80.93133755262517,27.42003155043999,60.0,30.0,18.065359626659372
40.684534380105184,91.09839069050882,35.3421753696575,50.0,60.0,63.69319463708635
27.67578213792567,99.10046226181721,23.159619689501444,120.0,40.5,24.291998023275294
46.47783829922009,82.95522626693038,26.70587901749707,22.0,40.5,55.19778189199415
64.37996697497397,74.608476965651,16.10123948413885,22.0,40.5,15.30309065223435
35.33602006251414,42.83893305939098,35.48257732019878,30.0,40.5,6.262312232461941
30.90847893541351,84.69952280311516,43.62694072429265,22.0,50.0,133.25379366858456
68.31053450191061,94.84550071395569,33.743871220015876,120.0,75.0,17.039098531608982
74.13902553394323,82.74654544521321,32.18659803539719,120.0,30.0,5.0
42.950400107520316,76.24984146101147,29.149584039851657,22.0,60.0,71.06908377163278
8.94436034305089,61.31734192927397,24.218809297268795,22.0,75.0,119.65900748787821
19.24973819017134,50.26573256678155,33.404783155559386,22.0,40.5,40.68820572141063
68.93829772169039,89.04972599580353,30.610390106147225,22.0,50.0,41.73245557848411
14.403416308114073,32.343827340673904,35.3021009603966,120.0,75.0,8.099799202394921
70.16530966545398,84.0380223787635,41.73151850791604,60.0,75.0,17.353313545955913
69.14254499621339,97.94334918655656,42.06007798409704,30.0,50.0,61.42419984103673
70.4459131158189,82.8464750616716,19.777850830232833,120.0,75.0,8.11577744608399
6.876882617289996,62.16382689946757,41.525834136851074,120.0,50.0,19.458152981132383
31.486580171190337,65.62201657019646,44.446241791329385,60.0,40.5,19.897674645870218
70.13490059092764,86.8731628790658,30.426215234318587,120.0,30.0,5.0
6.267001630363884,53.83223537036718,40.76736978286924,22.0,50.0,86.60980161005706
48.50326664735738,74.17597464213024,38.245495396022974,120.0,75.0,11.530749974351513
74.45610100901891,88.81595351948773,25.90001345748793,50.0,50.0,12.337292421638885
78.07156670094501,89.67940989925523,42.289949148273486,7.2,75.0,133.39122417436107
15.54543530573951,26.20075687578388,31.731142857200137,22.0,75.0,24.343603886196952
55.683856525342364,64.5377601791805,18.817544393518673,22.0,60.0,18.10653724386649
38.50411669924052,63.99724403200263,15.507880572766052,50.0,60.0,22.117420894807953
28.0957780746449,51.737189906373764,26.803444596709074,50.0,40.5,12.979928811219237
52.263917679092934,91.61325528424621,28.560248639612436,22.0,75.0,137.06240208345181
57.61995124246977,78.86540897528643,27.53208583534688,22.0,50.0,37.04458875574372
21.812920756017633,53.095128609289155,21.91124467098072,60.0,40.5,14.44862918632979
28.66606052336864,47.96007072741886,32.810879364475674,30.0,30.0,12.921275657775016
19.71045123004037,59.97037700982276,40.854843924738084,7.2,75.0,331.59117453472436
68.17675907887866,80.80960304052073,32.26425833659095,60.0,75.0,13.882399658077263
74.26952228459955,94.63243992752959,24.48304745348473,50.0,30.0,12.842799281461533
60.37937277020431,92.18320100499002,33.2108596315364,50.0,60.0,39.89033543402567
7.564658744089162,84.1595927184424,21.007984641539885,50.0,60.0,81.53131983642511
71.72852900932982,86.90656961837125,17.260323527194522,30.0,60.0,30.80693148406543
40.09193960990187,50.190673158077416,38.72244355732428,30.0,60.0,12.746415072134416
5.579770050526173,48.4146703448802,19.116516948301978,60.0,60.0,34.162590074362946
7.194658187549914,37.82766908291979,31.355205216978597,120.0,75.0,12.75784680184385
45.79238155348607,87.18393230211868,33.150091840140995,22.0,60.0,108.09496434505047
32.283953869929285,83.44635139645565,30.389365257430256,120.0,75.0,28.74268293832222
47.887946739240626,53.75090798117623,22.51932765347939,120.0,60.0,5.0
42.68987631928063,77.05026792036853,25.13267284480756,60.0,50.0,21.72276580957234
67.91608103788407,82.8523148984939,37.82493090058352,30.0,30.0,13.205416822380876
71.2846988057358,98.07896960952885,30.346685895579366,60.0,40.5,19.090467874582647
7.882168898346096,50.675753621134206,35.2046943453955,60.0,75.0,38.03728042381489
55.5460938746444,70.08681702940272,31.09353768126699,30.0,60.0,20.973879956072313
42.661133947773884,92.80638046767214,35.14490010097385,22.0,75.0,194.2805296885397
61.6708498868129,90.96492586137558,25.39623209290573,50.0,40.5,25.95237309341734
32.072859198970384,46.238328841341534,24.97011540660967,120.0,75.0,5.851692599201539
45.95409443274233,92.23631590928336,20.1030373856451,30.0,75.0,119.4594296847841
48.75424027771791,75.86260584815751,31.46923904958417,7.2,30.0,85.72059108844226
18.334875392393656,27.263161199220878,35.488847806261944,50.0,75.0,9.594958029040498
38.134736783195414,85.3737331162671,31.409875510155615,30.0,50.0,73.39238665280854
62.722772509355934,87.21879879325603,44.7188432479757,120.0,60.0,12.835825681554551
58.30159096690987,93.76979788043414,34.0530161245358,7.2,30.0,151.33053326762018
18.59437187224112,94.24264326830192,18.107914499924384,50.0,30.0,57.35344874166846
41.562670896520984,66.13693262154408,34.363254995504896,60.0,50.0,14.876553044750763
50.681124126576016,91.46038641319973,26.516248603028327,7.2,30.0,182.1079537550422
6.514619231324968,25.548224167056684,34.25059523924399,120.0,50.0,5.0
38.40540714333761,63.501850871193994,29.86984032105265,50.0,50.0,15.606469335293852
60.71035154448849,71.62058104731645,15.95416593701524,30.0,40.5,12.161430207335712
16.370797844785702,28.61101355315462,22.192325188147752,22.0,40.5,14.96060988096054
41.5602356236658,66.0773436522682,26.267598628944324,50.0,75.0,22.64691038942643
74.88414072883806,90.40447982102629,16.29669454253337,22.0,30.0,26.586398550691115
40.24174310310797,66.25370052342994,18.574711366213943,50.0,40.5,15.198380109567061
38.54152139017732,75.71741705697194,33.17025666519516,30.0,40.5,38.998175148574546
41.845072136750055,62.97675334994377,31.77183863295755,120.0,50.0,5.517345697386759
17.234083690033515,85.38791872175308,21.771923053891737,60.0,40.5,42.34720999257296
46.86061200522067,73.3271185294868,17.08460474257959,7.2,50.0,156.4110661038527
74.12011997430774,87.84357375670143,40.92347388589155,22.0,75.0,48.859993883963334
35.63080908861444,47.25858888197696,28.231044175368616,120.0,30.0,5.0
20.533510516219014,78.5380756101686,37.27142667770229,7.2,40.5,267.9648223604346
13.275108036890222,20.52133261490559,23.210865478990467,22.0,50.0,10.108360751326963
13.991305368866525,93.7252908150255,17.442292950807733,7.2,75.0,994.7756844061068
33.014157775967156,42.82354330079111,32.89917599800362,22.0,30.0,9.23163685534482
41.753189012718295,69.66148481471004,27.20964266370375,60.0,75.0,23.2564290326336
44.68925740599252,72.29718810385728,29.795865593637878,22.0,50.0,46.37083224128043
19.698404186875077,68.51968906556162,38.58346343409397,7.2,60.0,280.26832963717374
65.37410420449419,97.81862565354628,17.54685163350911,30.0,75.0,93.27611555712143
13.825738448397423,33.10087210226872,38.241707799136805,50.0,40.5,11.0343312812266
36.77676339953728,71.52024151273042,21.423487302388068,30.0,75.0,66.76777274513711
23.224819464562234,46.06449111568677,26.36119072696132,120.0,75.0,9.75384318511197
52.76742291241102,79.80554194990397,28.022291825907587,60.0,50.0,17.940220133874522
79.63212819598859,87.36381664190449,31.392642726418163,50.0,75.0,9.720561865151682
70.87548650325338,82.70456788256007,39.18157440560159,22.0,60.0,30.695603467947542
52.92743731600231,75.00383512531664,44.14563081246469,22.0,60.0,54.66802140512268
31.164657257770486,89.14275921377924,41.77968586006441,30.0,50.0,108.03825755095264
39.779880194849056,50.497568643135054,28.73440950253875,22.0,75.0,23.83530873103574
6.300944514028846,99.46760462301764,31.306207131917127,30.0,30.0,90.73922115306092
19.192820190893617,85.44613956150602,22.824932400750264,7.2,50.0,394.4106647061103
43.7761042915037,58.851149680494075,37.73538878797413,60.0,40.5,6.520548116808581
75.18147286036512,91.3915307842534,18.851171955977,60.0,60.0,19.532492760879784
52.748077651904595,70.33735180329134,20.477913932612978,120.0,50.0,5.403988092177445
5.0415638438940436,64.76502587726257,25.864463504407105,120.0,40.5,13.465071867981978
35.53137296115387,79.22016257451081,25.684174860449048,22.0,75.0,114.10619188664296
74.0225202929561,88.44433899324099,31.092911903684765,60.0,30.0,6.483199342110214
78.07247966409737,88.90175716911612,34.44656807921776,120.0,60.0,5.0
23.121820382178825,77.84324296308284,16.95515987691621,60.0,75.0,63.257215411386184
28.882352455798245,75.71966529853634,44.50772375952995,60.0,30.0,22.178053435233107
31.13988365860176,63.87681325645099,25.05549387656306,60.0,30.0,10.190441509674129
5.931206687706762,26.187144417597086,40.14527762057216,30.0,30.0,17.01535521193353
48.95829019236013,89.99678062484094,37.38451511480364,7.2,60.0,285.1952546385773
46.50443301723228,82.74955246832911,20.05884632655286,7.2,40.5,172.0491885573407
75.29465335833802,91.8472644333209,35.97579593944129,120.0,40.5,5.405690249575904
25.12837739578608,62.94347011104434,17.2981084894113,22.0,50.0,62.49844956674567
58.98727338124653,94.01502007385668,26.851216070444952,22.0,50.0,82.85894730087111
10.907069978477741,72.22083918180255,19.134089630438037,120.0,30.0,13.982042993577211
43.46972658434622,75.94259013709654,29.343208383599904,50.0,30.0,15.659141279742114
66.93975657817391,79.36725749010722,36.77269565714921,60.0,50.0,7.632727524966621
51.830036560412225,86.1579306836923,29.625827112149995,7.2,30.0,127.6309748626322
67.24684392164889,77.81161602395248,41.66663818969448,50.0,30.0,5.746676074587398
72.68919042622197,96.18779725122747,36.50329364502679,120.0,75.0,15.422509534241339
28.94887448733829,43.48823665770458,31.58989748066765,50.0,75.0,14.588516055410553
63.911857491070144,84.07831669611461,21.4947663149601,30.0,30.0,18.70267939198751
53.961351774045525,68.48842800229362,28.101197570684768,22.0,50.0,21.666673145544774
61.091919051956246,84.97245114515695,41.48857367542492,120.0,50.0,10.181428431179619
35.03339198389136,47.85094028771751,25.49619272100462,120.0,50.0,5.0
11.887498089137031,68.34657533204293,19.91128957527151,50.0,60.0,48.61723945710034
51.12883741464236,99.08362660281887,32.86507801718423,7.2,75.0,501.6611520029279
64.81995121173414,70.876217948614,36.01973486663562,7.2,60.0,38.16532838204573
57.00961842973756,93.51608508419321,16.034814866057815,22.0,50.0,101.92710721757291
31.918474324852298,72.63553843631075,22.137724867349505,7.2,40.5,167.50947442561508
40.780006217545434,92.75702915340597,15.654203793731869,22.0,75.0,205.83004884840972
66.31073294786904,81.89376239058137,23.814060864465223,60.0,40.5,9.236310493864714
60.56132434490865,94.36741326922565,16.642189077298106,22.0,40.5,70.92027788270238
43.14334414015363,52.4193443130319,37.07841605169667,50.0,60.0,6.80109214182234
50.452508939028384,64.87796218746864,33.42194954182195,7.2,40.5,53.827586073960745
29.783551549877068,69.88424628828515,42.578316335481965,30.0,30.0,30.723949053200162
61.372309517545055,87.23724046380107,28.79382039824584,60.0,75.0,31.418124573198863
77.0450607509391,94.40540856548766,25.931048823002406,120.0,40.5,6.3982256124830625
22.355946663286147,67.925610728334,38.603763025879594,120.0,30.0,7.773245077873459
7.604215107023916,72.96107258322522,30.841016484114814,22.0,30.0,64.26222643972902
79.35612846528525,97.12731882854513,36.23941504149263,60.0,40.5,12.729310659534596
22.17688094688517,55.74161695402098,23.058946548574287,50.0,60.0,25.86355632799042
20.40756873610138,40.92877353777194,19.55048545100031,60.0,40.5,10.350363603287251
8.640008804725174,77.91610416898007,37.3828038658268,60.0,30.0,25.18809615724076
6.675870032471841,83.10495385372253,29.734156070874807,60.0,30.0,33.39337849378338
31.1650041346383,87.53539133673925,42.56171248001492,50.0,75.0,92.04819319180241
44.541856370029684,60.61316217499559,38.94139748510461,120.0,30.0,5.0
43.623680277185436,65.1579932324768,19.624681488760245,60.0,75.0,21.01323074197278
76.97669143355104,83.77924542518232,29.46829378459736,50.0,60.0,7.543222952958984
34.869230686775865,52.27942427420907,31.527379198436574,120.0,60.0,5.7278406483091855
10.680473397234403,16.75461506884783,33.26406277495489,22.0,50.0,8.647183255964153
51.142062422425305,74.7998939735785,18.810623093588635,7.2,30.0,87.49772080553358
39.67519097475851,89.15407553659205,18.37321235108957,60.0,40.5,36.49111524302171
56.44043414235801,87.69864745139968,31.579037454875817,60.0,30.0,13.983098613082433
70.37275778900413,82.97925590487846,31.389287141378972,60.0,40.5,7.682791755183839
25.518820086077806,94.91319826785629,29.70690244385806,30.0,75.0,189.28792968962395
30.2661473357435,75.71230240786545,29.95114336352758,60.0,60.0,31.823930959120116
41.519236123933275,56.91424263608945,40.831652736527744,50.0,60.0,13.885100907289369
35.36852521031275,93.99852114960164,19.981933332058215,50.0,30.0,43.502230361359466
45.54626632809495,79.09622418033219,33.07534012659466,120.0,50.0,10.719944556259714
7.798899768129831,79.83535393259173,40.11298505366707,30.0,40.5,85.85529727464514
77.77878670943656,96.67951876426127,25.821096087180962,60.0,30.0,10.347466456172215
33.40179974997517,81.20559361268819,39.527836408546385,120.0,40.5,14.197095293596224
75.17538973112943,87.94453398042349,27.08597217450312,120.0,30.0,5.0
79.2330811760067,88.99761558195452,23.325863759550856,22.0,75.0,29.900718490102822
49.283501619648206,61.71017091274612,44.57411768170765,60.0,50.0,8.247584618231253
51.09685870095617,80.22397809971507,38.53091836323498,22.0,60.0,68.17795929477451
49.00644648095903,81.83397067386582,18.65517334063466,120.0,30.0,8.646567944532865
10.462454674249154,94.81876286487616,28.76266595968363,22.0,50.0,222.3467111517629
13.189782456901003,55.94485412343098,43.13976200180597,50.0,30.0,22.033776797987354
49.69127282517574,77.97638794370734,16.030301530596553,7.2,40.5,151.2979835065763
56.42952133067615,88.70015682757435,21.977408178338415,7.2,50.0,207.8519039041797
59.22758231380968,78.29495910596819,21.51700423777304,22.0,40.5,27.487954564469486
33.212383282330826,69.49247141610688,25.89385328538216,120.0,75.0,14.387573561552928
37.1112081494264,65.47938849118346,36.379836769402374,50.0,75.0,30.315491284904482
36.92161718141115,54.78415432902653,17.587984231892897,50.0,50.0,13.617443065486796
73.2107831275918,96.446253798862,34.9514433714768,50.0,50.0,23.87923581819582
13.025800445331566,42.011159703946944,31.55370190738487,50.0,50.0,19.522004685506776
39.04550435980862,48.71502540602373,38.14319307283082,22.0,30.0,9.016831597517566
31.02267487775139,42.552314888071216,21.985919693725233,120.0,75.0,5.058052525083334
23.962715230609252,56.80798917240369,34.37802554402815,50.0,30.0,13.051789367262417
30.616108769238224,97.38111469216476,38.95839047770353,7.2,60.0,581.6712105702468
21.55252997416754,71.69645588972789,41.11076493867074,120.0,50.0,19.891380311199022
51.43695295401506,92.19540408789211,20.343977909900993,30.0,40.5,62.30228301317498
77.03279779539177,85.1660670372097,24.338993184570267,50.0,75.0,11.50014943197023
58.65149093751542,77.20257820865291,35.390276024719185,22.0,30.0,19.22579373046561
10.13944906977411,88.79789245677021,38.777614801007054,120.0,75.0,44.479271480621506
49.018951744256455,88.99434135962555,20.45642094454762,50.0,75.0,51.934364926997645
23.44529106896368,77.72719133945273,41.75625500802663,30.0,30.0,52.41064065092462
71.89011532859945,90.21203612906446,43.0168031444959,50.0,75.0,36.782382576238604
59.144297744670006,91.87937151877482,19.4944885813831,22.0,75.0,142.7588048938946
16.84597793163261,92.51000644095205,21.9190393698424,30.0,40.5,104.42454487764066
6.799695935005477,55.4223536774446,17.53630006140369,22.0,60.0,97.0557982583323
47.27882596607133,55.94701438403604,38.99673912806451,60.0,40.5,5.0
70.50238171690383,86.73206806015708,19.896662578337963,120.0,40.5,5.657103880687328
56.18572842869885,74.90262809071422,33.86009780094879,50.0,30.0,8.207091856998598
26.59524160278011,51.125514868691475,25.45773451129749,60.0,75.0,19.48470819308705
17.25918937504312,48.91881519695773,31.86192300176572,120.0,75.0,13.221796493312917
37.07206037655414,49.28066014900677,30.905243093013695,7.2,50.0,55.03846650645836
24.86981646668045,45.38752208073085,20.874751465654732,60.0,30.0,6.499796317552928
23.274049971028628,96.9140763331058,28.85319912933874,60.0,60.0,79.95188297814872
29.642556388784058,36.397531460421476,28.32933796400206,60.0,60.0,5.0
74.60991395115829,84.46524347769854,27.71573682507815,60.0,75.0,11.909784156636647
8.139709679067494,99.04848148761185,16.432558232351894,30.0,60.0,211.45245487172107
15.113477188904287,40.58940860359867,44.205215507207086,60.0,60.0,20.64776250610222
60.66663766431578,89.28939746364516,25.107845795751746,30.0,40.5,33.893005246971185
15.220797865198758,22.17512757925315,43.071775471752424,60.0,75.0,6.319105389573437
30.099875748840862,55.83864963399091,19.53548758011763,22.0,40.5,35.20264687093447
45.33280833459572,53.29019844931698,31.665220569811368,22.0,40.5,9.609889750825788
38.22800064170086,86.84153764584644,22.941884879968768,22.0,50.0,94.5955136201091
48.81639659696027,71.69549623691196,16.03104617704044,50.0,40.5,15.670714901956893
67.62305550236677,77.48574344127148,19.775026034394433,120.0,30.0,5.0
53.280534378293495,80.20366425258813,24.941792630895485,120.0,75.0,14.784921825010093
50.638425689401004,73.09384237411375,43.94469376416743,120.0,60.0,9.257253380800428
47.95029373933407,86.6937262349087,37.352405134866544,30.0,60.0,67.73293839579291
40.41975955964115,47.018617022223225,44.23597660987124,60.0,40.5,5.0
29.337858546500716,90.60826743311185,33.24946098069644,7.2,40.5,369.72625520957655
35.923818356234364,54.84740467762054,39.97536505580378,120.0,75.0,8.49146958937542
12.952831702144358,51.074980925434346,32.13770704891134,120.0,30.0,6.353368448751271
53.939473784948504,65.65155334288171,22.671969803206483,120.0,40.5,5.0
36.33641045796902,85.35243137135731,31.44099216664779,50.0,40.5,34.727822133766026
13.219840275134526,91.44950105985818,16.064087560249998,120.0,75.0,61.36234579165193
74.16497928767639,82.32578976389662,32.00851426916431,50.0,40.5,5.796751907114344
51.85545949298436,89.53861357650666,40.23082913272235,30.0,75.0,108.83461474048009
37.58770202894783,43.99227683351694,25.87850854756386,7.2,40.5,22.73059823222879
46.95118938862095,82.15656918471434,43.04504406525706,50.0,50.0,38.886162609298175
77.35141673351313,97.80375125232882,41.27801776335974,30.0,50.0,42.326655561989014
72.75108877745436,85.82199615453956,18.750324602695308,30.0,75.0,33.266910525952895
67.77045187182875,88.34528193088417,41.13042862181248,60.0,40.5,13.935326715402596
49.64896593371713,85.94713620421284,26.7881191508342,50.0,50.0,31.113539647178992
34.29804911032543,67.94560207253433,40.582102371957944,50.0,75.0,41.96970054412661
6.297509205572736,80.35553578513831,24.849368206273912,120.0,40.5,22.236334573859782
34.84702823338361,53.67771010457437,25.137042773251892,50.0,30.0,7.382715043960985
74.68031861312829,84.74908887915319,24.49783360229339,50.0,30.0,5.1361033495393915
33.274537190784116,69.55155533041024,30.84420171821261,50.0,30.0,15.321294038434381
38.10256702398422,85.5692562631118,42.90762959955168,60.0,75.0,60.71808494344213
56.436137462903346,73.242822332022,19.457622828642066,7.2,50.0,98.56236810260506
72.05806987984606,99.18740109779269,29.361050456710505,120.0,40.5,9.701733247154237
31.600311995773286,92.86166897802451,44.274956693481215,30.0,40.5,104.02013870371162
16.397501513162055,52.327008599344396,16.688098326441317,60.0,40.5,19.062401761695195
50.12525163226954,82.43475462421786,26.645430031370374,22.0,50.0,63.5732361883422
79.08299991028417,91.0803873997759,34.48742833853517,60.0,75.0,16.380008915023858
75.68433788999722,99.94824583977233,23.465359369476992,50.0,60.0,29.32267784079278
69.2112179446956,97.66789318888269,28.489849893387678,120.0,60.0,15.921612635372878
28.41738797155514,93.97684169700487,35.130374245346104,22.0,50.0,159.7152788337047
79.24592075567924,94.90621395459549,42.02564489931383,7.2,75.0,197.31853199331724
31.148335876678825,73.4211206761603,41.11897046195976,22.0,60.0,95.48081211888913
75.23348171088179,85.95488450386964,35.678522452528945,7.2,30.0,36.40300060014617
42.3310112717282,69.87585560068696,24.780703568339547,50.0,60.0,23.13639183956428
57.39352035895926,85.61388867891426,32.24415674616842,7.2,75.0,241.3643071576095
72.72597793760693,79.58769019446669,39.678747830356805,22.0,60.0,13.585628395267381
58.58721145882622,83.79941330661748,18.264221706901967,22.0,60.0,73.08932021695657
42.576542901171884,79.25926075598508,24.083207770700774,60.0,75.0,34.51088439662129
34.25849100754498,80.11123733641527,35.71519896033408,22.0,60.0,111.42124803108673
59.93483593830887,77.6100205125742,35.792253389114606,7.2,75.0,136.44119200575628
58.946585011421014,79.78096242051095,38.60390127193728,50.0,30.0,9.327041105031126
32.997873326285784,73.00328563166735,16.911093074529788,60.0,40.5,22.537353921617047
47.511434253922346,96.78159058946987,23.1491039223629,120.0,40.5,18.32973940234577
71.29768470854732,89.37447211067031,33.48758480511304,50.0,50.0,15.659682484970755
18.560797627822645,72.99975976722162,44.78361054790759,22.0,50.0,110.49556656735605
29.027147786922963,46.94356394263807,39.391536214299244,50.0,60.0,14.21236428487571
22.7185225786336,93.37775516641291,30.079480038668468,22.0,50.0,164.75641844273392
5.013163689344248,24.645575098597863,41.47854825654523,120.0,40.5,5.337451995612514
36.13982293564319,78.14429411860256,42.435862909105914,120.0,50.0,15.710971476812986
42.67208065203377,70.15742982674423,36.87112871460565,22.0,50.0,47.498429379482396
19.400733239269588,46.140946596600266,44.48515644058315,60.0,50.0,18.984498805189013
75.31003908603083,83.99078872334077,34.10830726280636,7.2,60.0,63.50041134796215
77.77202995615642,88.71004850443806,25.49785601314223,60.0,50.0,8.242052819014203
61.023095351507784,77.74582964269082,30.668684199335157,22.0,75.0,45.66731651656393
14.282049956300828,25.742821555745266,37.664972060903615,60.0,50.0,6.091334933872594
78.72623230296114,84.67007132437416,32.5058864659774,22.0,60.0,15.471985159786598
33.098981873994575,39.140981511804036,26.708673025180012,7.2,50.0,28.133582132492073
9.253635371166913,64.680454307911,37.68884771581181,22.0,30.0,47.72474496340804
20.14556483839869,36.72369728748806,29.45063305984614,60.0,40.5,6.739463582179661
49.990097986628534,78.68774511185705,30.486992938074874,22.0,60.0,57.549459636143304
55.42036307256444,74.0815701858609,15.527697486375738,22.0,75.0,53.400207822291215
14.211990693104694,97.21699644942476,23.44605333520638,50.0,40.5,73.7740244453858
5.741246583159608,40.91869582718416,24.079371365754266,30.0,75.0,59.74940295431059
72.52077703457687,84.76706905329411,34.56043846017394,22.0,40.5,19.83091958154185
35.18413837092272,98.02703295002743,33.33992259908558,7.2,30.0,291.414684499529
44.104605219720135,83.88023805129914,23.08315472244275,30.0,75.0,90.4071851069145
26.81597991831645,80.59830279122815,39.17788098478397,50.0,75.0,74.87940270241131
57.16888807276581,88.805762041136,35.480955143275104,60.0,60.0,29.367438114370536
70.54427595394331,83.53754858433716,18.848463208479945,50.0,60.0,16.349951535479615
35.64537280424301,90.90097858508383,19.74183900874948,50.0,75.0,111.38696829344696
55.6097322201167,90.28831806522872,22.374115688335976,30.0,50.0,66.50552322820836
17.721806977367933,76.6123782720376,21.73441503698185,30.0,75.0,111.63956351744446
66.23360315574287,92.78927630707064,27.009755499833652,120.0,40.5,9.982135468947542
18.44073871707693,29.73403168409587,24.85073355399058,30.0,40.5,9.549260917403348
59.339150175071964,75.07258488118573,15.034909929839353,22.0,50.0,30.12392551094392
79.01576352062904,88.84698932466837,15.92604397627383,22.0,30.0,14.152668720891173
76.52025258130959,93.541020589275,35.19339906929863,120.0,40.5,5.737144058447008
58.546656743153875,85.85781902726828,27.815434872251153,60.0,60.0,24.97881370982593
31.30649110620162,49.99399900930751,18.493882466748964,7.2,60.0,117.12802059304005
70.44248887684725,88.8738475994841,29.4234425384734,120.0,30.0,5.0
64.03421472045814,94.91700725773798,31.355724872708894,50.0,50.0,32.085740644644076
56.0149342612928,65.24408321893715,43.83837727102159,50.0,75.0,11.298726200119006
67.66810171828212,88.46340095342218,15.524866424585074,22.0,50.0,48.36459644375691
36.811316004369985,55.90349328395904,24.820008772494894,50.0,60.0,16.09791329168222
9.096615236677867,56.279027497427336,17.74249647343553,7.2,50.0,272.40021711802063
76.00923325438693,87.39221314671295,34.19243136113039,7.2,50.0,69.87648308791262
5.018934086792158,78.69017878161397,37.40544363888354,30.0,30.0,54.324543181263536
50.599117339740324,99.84557692362655,23.964607044342525,120.0,30.0,13.000409587086754
12.923213665268142,98.50352277995921,36.92885124483348,7.2,30.0,365.73525075134324
67.18968343526865,72.37302031466757,21.693448756160006,7.2,30.0,16.964895275025192
37.71554723617773,91.55186115053078,33.7619157950044,60.0,50.0,48.54476088665531
54.0046049114629,80.40426059723566,33.23760175394639,30.0,75.0,59.39182330952561
63.06009940305704,80.93187164782105,36.67662289848469,120.0,50.0,6.459241549546673
52.31828231463084,66.33499709478676,20.63629616823438,22.0,30.0,12.875448525284703
24.291025906372138,54.282162081577354,21.415057670013915,50.0,30.0,11.971222138832108
24.11133634735713,84.37955577201126,22.67860995749791,30.0,60.0,110.50808322403658
15.65013641032985,72.07576035035912,40.89203988760473,50.0,50.0,49.967520120318966
32.09462968027962,38.47669657274698,43.61308188638481,50.0,60.0,5.6628117094551875
65.92662830752991,95.93401078941264,36.46431386063038,50.0,75.0,48.50516476122623
49.71447280231155,93.7071654611253,21.47074103918657,60.0,75.0,55.58267911619915
6.55759150327934,46.538521847122965,43.23059468091702,22.0,40.5,61.62768155986074
38.92633267613192,72.9378365159484,15.909498130054665,30.0,40.5,39.65436774036164
61.1542726472497,83.84563751625849,33.55060136935667,22.0,40.5,36.257904835292315
56.0159678314162,85.24179071802202,36.0694355515725,7.2,60.0,213.3834534854277
51.3614217694668,71.2690610362543,15.865945183740923,120.0,30.0,5.0
58.91142827551455,66.95696978599577,26.848812828310464,60.0,50.0,5.0
32.702005295872915,78.40955140141523,32.30732723695138,50.0,40.5,28.26193556069343
19.66125547726272,35.97215093246704,16.745933103908612,120.0,30.0,5.0
40.65480288979122,73.60138399887421,21.248440758752402,30.0,30.0,24.205937807838463
48.908877264307904,77.06053602561437,20.866451950683064,30.0,60.0,41.35903952451302
74.5094370806976,88.8399867807438,22.976354561552935,30.0,30.0,13.154075287029238
31.743162446215443,51.458249238469584,33.79479395505614,50.0,75.0,17.91310188841548
8.580034225906706,81.79848267127049,30.992364669738958,50.0,60.0,79.1353753122372
52.87657286641083,94.06825860898732,42.50950191544207,60.0,75.0,67.96379706280922
45.3218450560516,75.99842297179516,42.15252113282861,30.0,60.0,52.167903435907355
44.328161499151754,92.01777314070024,18.334434824013268,7.2,50.0,431.17976273375183
50.90007031676511,64.42176395351792,29.200625379984032,60.0,75.0,10.266468580300929
59.456056750864136,81.44671231481881,37.45804978656479,120.0,75.0,12.728520968069445
21.158995771673247,65.10076910631672,22.220547276700227,7.2,75.0,315.0470446703426
72.09185021580372,91.95313400168617,36.76173738476833,22.0,50.0,49.66871251684186
36.25102853235785,59.722294200932566,26.653108156577222,7.2,40.5,87.34357619494659
49.133287073039234,70.77464925481895,33.393227878667695,30.0,30.0,16.01655695353008
8.194321547773482,97.32950987086524,36.17586182688769,120.0,75.0,58.50991863706279
10.757505285873554,41.89271668841651,30.200315313212922,7.2,50.0,151.6156137523645
41.6656820565121,75.30130445701461,39.98390021303384,7.2,50.0,164.83513816519468
56.133734090925905,87.82384638731908,42.17581691377581,60.0,60.0,31.626755486149026
29.9056431636002,38.95735848500704,30.65618918294691,120.0,30.0,5.0
20.30064773830753,34.31599811187779,30.329903758030273,60.0,60.0,9.184528014003174
46.24981141155184,80.08103432298012,15.869607902812742,120.0,50.0,14.473111656173225
14.838882794059897,67.33231245895489,35.1675750022264,50.0,30.0,21.276446118227447
68.7839205021694,95.40252462338474,37.348955953826795,120.0,75.0,17.520289962645627
29.579521751155323,59.17507685751385,41.91172405116877,7.2,40.5,137.56333198328787
57.967112746848024,99.77454334659173,35.62634716584992,7.2,30.0,174.4482052961315
38.45429192483307,61.10175029433448,23.056623186290384,22.0,40.5,28.368652172442598
65.98634007406329,79.60596922549244,21.411634584660522,30.0,60.0,22.62586103706415
44.07516297112677,80.71487060791436,17.741143216842442,22.0,30.0,52.49544480236421
65.93419628023342,92.55278680632922,32.72999877257861,30.0,75.0,73.25315074380752
70.38766822999328,99.25694113130244,25.24003802493655,50.0,40.5,24.026033039626835
51.43164239553508,81.89512126011677,33.19576517389473,120.0,75.0,16.04151054845187
16.779416307435405,56.90733844646295,25.674911360029824,7.2,30.0,104.4984650736308
9.66681294891815,91.26307702247026,16.138491907196123,50.0,60.0,124.2299367501284
19.97447649867337,28.027999943987094,29.646299348294754,22.0,75.0,18.2007105912094
54.618651603169496,66.19508901710924,37.02970224655574,7.2,40.5,44.11398943192173
78.42720195688544,87.33758330711787,20.055638282474344,120.0,40.5,5.0
60.7238992527953,82.09156121724513,26.251238834847054,7.2,40.5,114.98616616533418
43.63532550958254,86.09311573081821,16.071328470844293,22.0,60.0,127.11091928959766
51.32285379076587,92.14091424100853,33.020337688656156,60.0,75.0,55.397942216127646
70.81863294000254,93.09823815234981,30.72709969689481,7.2,40.5,131.5256544925422
71.7201046343296,97.94398958178589,33.23638931620664,30.0,75.0,69.41299179309141
57.54682686217258,70.94347992169511,33.65179845926646,30.0,50.0,17.97507827964718
57.253520026477126,97.6347890743543,19.96324920056633,30.0,30.0,52.90332011212332
12.462456069246176,71.62043999437302,38.7325716458409,50.0,40.5,38.009656678903355
65.81981417213069,80.47783396193522,20.203859943444385,60.0,40.5,8.466485236294844
70.7960173513525,78.31060189094104,15.971056020165605,7.2,60.0,54.252483031495125
76.83084748379378,87.94107063279664,21.380343840290983,30.0,40.5,13.038605823950206
5.442270502759007,13.579625800655997,34.91479384267539,22.0,75.0,17.407972102988765
66.16041779233814,83.43141238922816,17.900951566390116,50.0,40.5,13.916798977311469
61.0646239896603,95.59744372053633,26.615609292415765,120.0,30.0,8.588759908607813
29.944706329697556,42.02245206611968,33.066253927446105,60.0,60.0,7.593856033397875
45.97763682696031,91.90808188159463,24.081743882346572,50.0,50.0,44.56356578784867
22.959111056412645,67.07316461525075,36.52852110057778,60.0,40.5,19.173832185682862
18.84704050529865,81.72602022084989,21.203446779723603,30.0,75.0,147.02555782315235
44.463710757864526,56.39035080592254,32.182597777444876,120.0,60.0,5.0
11.339946147017928,55.60950513323596,42.98835105972432,120.0,75.0,23.019289329871064
72.10263957681377,77.85638832256996,39.37353395161782,50.0,50.0,5.0
24.063430568269748,29.093445856755544,16.99053515963943,7.2,30.0,15.95076581158117
31.455875938781908,88.64177058834592,31.19323560728646,60.0,60.0,48.526169018728545
75.86815150624352,92.71299300301624,36.93702434791719,50.0,75.0,24.745744896782703
44.4028459838635,90.97904497826438,16.335565542348,60.0,50.0,44.28715004607099
69.6085941053261,98.31547180741245,37.41258628184475,60.0,50.0,24.179608764333565
67.35899256840165,95.84310168872351,33.98130929898578,30.0,60.0,59.400977770643706
7.910898577013526,15.947339028461311,17.717640063619974,22.0,60.0,17.419919278216955
32.0502248231977,72.01512993575797,36.624756842484025,60.0,40.5,20.565184726065894
5.132238646392913,20.917534292924834,37.52491091059003,60.0,60.0,10.16278061075175
48.039708047198765,59.96086932252808,24.737290068881023,50.0,60.0,9.541488598117782
21.7233106090761,71.87487378117756,22.30369073315993,60.0,30.0,17.687360458487127
26.97414029469548,35.390124479364786,39.90050011124358,120.0,50.0,5.0
74.89124613773194,82.81127220380203,23.757107719689447,30.0,30.0,6.9409324402670185
76.45946203121846,92.04782623181862,24.199449642858536,30.0,40.5,21.50582425001179
22.08203023199662,34.507802428024625,36.86799035154112,120.0,30.0,5.0
49.18210068624358,96.11435400887741,41.948179934776604,22.0,40.5,107.14028364849632
63.07000581407853,85.49760372652877,28.00001626574824,30.0,75.0,51.351406547359666
51.966124314390896,87.03002976297694,26.187947056998333,120.0,40.5,11.112304605394913
21.60889553200321,26.701133134045303,43.012863594202535,30.0,30.0,5.0
19.79044229232506,38.959395174127636,36.51358456596877,30.0,60.0,24.32632657837672
35.37477791577108,46.5280896197072,30.991298636657493,22.0,30.0,9.903441150687524
59.29759053301377,79.23963393793142,26.44473879726682,30.0,30.0,15.099818033101947
60.53887735118369,94.2279135863779,37.523690248455246,7.2,60.0,320.38869291646637
22.881777537151667,28.02652211545993,41.17297072605435,120.0,40.5,5.0
23.04034199787877,42.040536819264354,40.23678673722889,120.0,75.0,9.826134010209447
64.85937860048222,85.6995028073682,17.73199067962418,60.0,50.0,16.62375860153731
6.206006480442948,26.17309290866177,18.54290270900035,50.0,50.0,15.175240043461587
23.96504752461054,39.947586549063324,21.19643909306688,22.0,50.0,22.329162274330724
63.51549291508932,94.32907768551907,43.96532473703799,22.0,40.5,67.93227782797489
21.35690963048494,72.86825361535975,26.473733503629347,7.2,60.0,333.1841990420341
54.258128124497915,91.9987829420353,34.14418465473073,7.2,60.0,307.088052565008
49.00468088110164,92.77600461054466,32.59675682242062,22.0,50.0,114.75433977850139
58.62738811687148,90.88441074215734,28.079077980011345,7.2,60.0,281.65479656623734
41.508451310115774,71.16697401507594,28.00224652115521,120.0,40.5,7.292598972385441
39.99546994446365,55.99908400165043,31.74576705899273,60.0,60.0,11.484033346680285
14.619133409031313,49.202411021147626,29.315328273336085,50.0,40.5,20.040123887885812
9.47537417618725,28.963171010797037,38.87497976851325,30.0,30.0,13.381811162628553
75.46735274260094,93.18608387165472,27.404667401925145,7.2,30.0,74.10984727758895
57.38824118009825,67.84357373256921,15.43850652952842,30.0,50.0,14.197578037601732
69.94744651256154,98.61551548270053,34.93430888719175,7.2,50.0,221.5861930822098
50.769384139267345,63.2884250384753,42.15401624532557,50.0,75.0,14.644476132999138
6.0495057627846975,76.19399244435996,35.802774062987886,60.0,30.0,26.59498133507593
32.45922344165025,64.84118969855568,32.037615098202245,120.0,40.5,7.261480416713687
54.1875790713054,65.51732461378677,23.03989346386091,120.0,40.5,5.0
58.736520170177656,65.28869269989667,37.31975158139006,7.2,75.0,48.18029176622608
77.50045000289698,95.22424557048659,44.78576325553889,22.0,75.0,75.74151192271157
29.342321319160725,34.81046189581943,35.450954102485035,120.0,40.5,5.0
40.99673700974845,98.14708953752915,22.265163691418312,50.0,30.0,35.61792722264825
62.892968255006686,87.87905993980078,29.27949164581641,7.2,50.0,159.01869453664818
7.899636074130382,56.03560653864765,19.4606368410619,120.0,30.0,9.422179368507681
17.08056335521015,98.47658919596255,36.1195776559399,22.0,50.0,193.76518670550536
42.37684507208283,50.781784046872765,19.328922068258382,7.2,60.0,54.52555221825579
44.61749245362188,68.70653680055166,26.634496278327934,7.2,60.0,128.70079956529185
34.75564784470548,71.9881361521181,33.84879685444658,50.0,40.5,22.999451728425424
78.1842002258086,89.42610716687429,15.676849522719829,120.0,40.5,5.0
25.91531367434173,94.71797534561456,44.87658827279147,22.0,50.0,205.75654424393258
35.462900968361446,76.5529392534224,28.16543429134092,7.2,40.5,175.84327673644032
28.89910655505135,85.51238379771381,35.5858733905667,120.0,30.0,12.30591545137506
44.667047489888255,70.68069540061241,38.881102797052925,22.0,30.0,25.632245129129384
9.868002216100237,47.91296174365326,19.37223527621933,7.2,75.0,282.0736092102264
39.8542817187528,78.46347864414453,27.655751771024907,120.0,50.0,11.308825736354105
12.711078967329016,43.43210508640265,41.56754368285767,30.0,30.0,24.241361366658268
28.344549661217247,72.68237934509361,24.97136819632862,120.0,50.0,13.947987101798503
16.151329426752255,89.57876807452969,24.046320398665962,50.0,30.0,40.318224873567004
74.7239658342917,79.88524508565563,42.65665456756372,120.0,60.0,5.0
40.99442667532955,78.65212578926145,29.383386862110175,120.0,75.0,17.79984854260531
74.05534517697922,80.66262780366007,33.286824657144294,120.0,40.5,5.0
17.956598450897523,88.64628593402307,19.200770684096568,60.0,75.0,92.41955341592887
75.5916226321468,94.94093852380942,31.233087493624534,7.2,30.0,86.2204204562989
49.70738957525718,73.2764415818803,40.154480716974724,50.0,40.5,18.45371911898397
76.6558770559272,98.29055062447544,38.68128232132527,7.2,50.0,165.6692074649247
53.24554953577219,75.2321506944275,29.79046385102813,7.2,50.0,109.88162684612173
43.898471706625195,88.71142996478709,31.86234412696946,30.0,75.0,101.74413762865503
10.258222945463139,32.795800808627575,25.06122854638575,60.0,40.5,9.893233835522786
38.80071907562375,44.529998634959654,38.1157583792289,60.0,40.5,5.0
44.586439341838776,85.10675673152696,40.78678597960396,120.0,50.0,17.983072512163222
54.61075766422153,95.91305671459199,38.518823611830534,22.0,60.0,122.24846253590167
48.596204897079474,58.648725097864556,28.773897233263092,50.0,40.5,5.30184000768782
10.0368336787116,77.14794640036907,30.03499885689516,30.0,40.5,73.54283648975222
29.076485791317477,51.56758089413104,34.56957604660653,30.0,30.0,14.276235773821826
64.61226962032451,76.5807520532237,19.76513086146047,7.2,60.0,89.43970580830299
66.17700329333492,94.63761934622627,40.46063780648799,30.0,30.0,33.92709032332211
63.8823506713269,76.51009571928101,37.13453182760838,7.2,60.0,80.90545398457117
32.612263538846555,83.43731357203704,29.84656923314505,22.0,30.0,63.95307132707386
22.7601327545338,43.72974907467179,33.26658549357811,22.0,75.0,49.57801018265555
79.22923494160362,91.86487553689818,29.042448632552954,50.0,60.0,16.25650472410743
70.54995691534207,93.79717491366014,29.906321750603865,7.2,75.0,244.11249683960065
38.91410783844398,49.005350629803885,16.472662498469717,120.0,40.5,5.0
16.17370688074943,41.86778213713007,25.84018259308453,22.0,60.0,50.62598162876238
5.887462690982909,16.351931061698487,39.15216482484308,7.2,40.5,40.24714677125115
79.14768788669626,85.31195255065649,27.016637939454966,120.0,40.5,5.0
12.234507784232724,88.15260987488182,20.334097143302436,7.2,75.0,708.9629472253247
43.58348211014823,77.86476941353689,15.56174141383172,60.0,30.0,14.007824156324212
47.767958183435056,79.61281731915386,35.473512605712,30.0,40.5,31.461482668700985
43.02522428721289,88.21854249242298,36.1693780908904,22.0,60.0,108.69745613768976
43.220141661845936,57.679748831296344,18.696630362113936,7.2,40.5,58.731359331532204
9.726154301960786,65.94134492974581,18.74453007125528,30.0,30.0,44.30163070524057
63.86279373369764,72.35369952727174,26.432120293032668,60.0,50.0,5.330116502624525
6.162493751774077,89.33822812415929,18.024143546056727,7.2,50.0,575.7439014249255
31.348665893988166,58.17402917349314,24.80034311428537,30.0,40.5,23.691631316572945
64.4602651074683,82.7703034382006,18.957439752321687,60.0,75.0,23.122037864014395
45.60720457287475,80.95580038968549,29.405203255787686,7.2,50.0,211.8899599419303
30.72678295860427,68.44881330398206,36.26870411288543,120.0,60.0,12.366836842415623
64.09777005561979,90.62989609448341,20.793685207912095,30.0,30.0,28.698283484658667
59.51992224736041,90.214801145527,23.104412414823287,50.0,60.0,39.11701766527603
27.829576441399748,53.05095475089254,29.507318734441775,30.0,30.0,17.159217536681858
5.861935222515317,78.90455314647113,37.20158990027355,30.0,60.0,108.91917840606537
63.505545171746796,84.01326120884508,43.54589509254902,120.0,50.0,8.883549989580187
37.932833555522556,78.02441817805891,21.929696195998567,7.2,30.0,123.68446659597859
44.73263506478602,83.25689680399613,25.51267715448277,30.0,40.5,48.14070260697874
59.385141718309335,94.75768210771257,20.21402863615704,7.2,75.0,408.3087864433004
19.820493604314404,97.8247435398568,18.82806924945424,30.0,30.0,98.9180661064893
73.81558111974769,84.21996760660375,31.591105603756844,30.0,40.5,11.811638239088303
41.84830756345234,81.67232981402468,32.37383750266531,120.0,40.5,12.647149332183501
65.66819720673321,97.30365650334474,39.40834546038351,120.0,75.0,20.65323572381207
7.113803925883767,51.653439338185706,34.541146572396976,7.2,30.0,115.48911750697732
55.75749059297304,77.65820227323118,18.440437271360103,7.2,50.0,130.84040715708096
31.87421964420374,78.11367614347527,22.019894363718834,30.0,60.0,73.26594897325444
37.1484176986387,55.67803671731004,16.609564920290723,120.0,30.0,5.0
69.55961673951278,74.80340398760102,43.99257950413796,22.0,50.0,10.110722764287344
40.36522906836836,64.70198660442469,25.67282144982908,7.2,60.0,139.94492481864438
74.21187234487786,84.13689408138626,31.188142050399776,120.0,30.0,5.0
75.69332989196654,83.90633507967635,23.77117752990764,60.0,60.0,6.756115763302267
11.122373738850373,41.15935137238273,30.42564542763034,60.0,60.0,21.91567587234785
76.46521402685627,86.64302368836812,36.945768458057444,30.0,40.5,11.569023930783075
16.695247936567437,82.88607389504567,37.86499674786141,120.0,30.0,14.634458954505872
30.01652109509858,94.48557989408071,38.26433229017835,120.0,30.0,17.719664455439414
75.59674627957078,92.73676703319468,19.452303701479114,22.0,75.0,69.08644770363723
33.88555522336846,42.369481603990906,26.42351203776329,120.0,50.0,5.0
34.82635445604529,94.56690140908331,43.680237735486045,7.2,40.5,466.3257914757968
27.18289260369445,48.582047029512275,16.06868597262296,50.0,60.0,19.04248987906571
43.76527637388202,95.76266274990067,18.440693480139494,7.2,50.0,446.39722432108664
32.57671419022648,86.39136697629303,19.996987502532182,7.2,75.0,619.4019312544776
33.549725323247394,70.96918150839997,15.879528263363579,30.0,30.0,33.369713658845285
58.252668845165104,90.33613674636696,18.13859551647987,7.2,75.0,397.09040700332883
61.78706228411308,96.32685225553618,36.50129722215476,7.2,75.0,371.84868643443247
62.07224883206065,84.57227829279415,17.030254896768,50.0,30.0,13.318590914523503
74.32036426189345,81.70457265531635,24.540935522593863,22.0,75.0,22.12405697454857
8.722314550897341,56.15144254365569,29.059081255668293,7.2,30.0,130.7644239320728
16.113329774710525,24.864202316519915,34.23644970705074,120.0,30.0,5.0
19.893723366956255,65.41528281229135,20.489931498062965,7.2,40.5,167.01017533242631
54.27843179022633,64.79663603286744,29.817565025065065,30.0,30.0,7.305375433248115
58.14526432555016,64.35818304815993,23.88522943804807,30.0,50.0,6.942634335902779
57.24547905206089,97.61065076138689,22.118828309854532,60.0,40.5,28.65847424014697
5.326489362069838,60.1166506781309,42.98394170618937,7.2,40.5,261.9165429949874
48.388384430708406,61.73008385258694,34.91085416737148,120.0,50.0,5.0
24.0215126850492,51.074291479382325,44.61265613644347,50.0,50.0,22.27134285056397
25.237820361340823,80.13377455754555,43.713196585680976,30.0,50.0,98.62223566312413
48.394886800857314,84.87141746365579,33.74511581088095,50.0,60.0,39.46323002057775
49.446185869860976,56.082864488996684,29.4850470420508,50.0,75.0,6.30948600409167
64.57575079890785,80.49435326702296,43.69762660438633,60.0,40.5,11.858703156675684
15.391058183352072,22.839267235080914,43.03123621147504,60.0,75.0,7.49979443710708
58.152890041175226,67.9895231667527,35.021958736824224,120.0,50.0,5.0
38.21437321845643,47.886234097007446,41.760767070899206,30.0,40.5,10.049844580916478
61.339372733853935,73.1614362293834,35.02586454672509,30.0,60.0,18.129183128526577
75.38498469633224,97.42716655971307,41.06081684696556,30.0,40.5,40.68108517075616
75.96746753333953,90.18186118859248,26.236528902098925,60.0,60.0,15.894491253662663
16.23572205683416,54.30337916042421,42.348235708724665,7.2,60.0,242.75818618765112
65.36950087422812,99.43709014701535,26.63466031725835,50.0,75.0,55.135295501622416
37.5328311149981,70.44814746736387,24.102046849290062,30.0,30.0,24.111462312395258
58.33424721161956,82.99840336521751,41.94203571519847,22.0,60.0,73.31936342858151
61.28861957290806,72.80166256889478,15.9479318945275,30.0,40.5,14.201145567909819
23.59227295631567,35.402699797814805,27.71737762462897,120.0,50.0,5.0
70.39354915689773,99.3264658642063,37.89739720542519,22.0,60.0,80.1860593460836
50.81889331379459,91.6329761078405,32.57677037159184,7.2,50.0,302.72948876778213
32.517174639903125,84.30264734159475,41.228160797745495,50.0,50.0,54.93372767933495
59.50670430486769,75.32138160077496,16.588992168291302,60.0,30.0,6.64106745399996
52.216929199635985,85.45886612024243,37.01208035179069,60.0,75.0,35.756201755174274
28.919428657391705,62.477287794855485,36.41674407984339,7.2,50.0,162.39319840725608
55.31432774980215,89.35392051388891,39.35432308317584,60.0,40.5,21.48937376060412
77.49669576198227,89.10943230941474,32.69525735664655,50.0,30.0,5.757700291039289
11.175987180933976,90.0694570524118,42.45833936738503,50.0,30.0,62.05864498767169
29.74475156318561,91.9839609898631,18.227361081415882,7.2,50.0,514.472714374728
61.67057851263487,72.14582141808812,42.41766597198912,50.0,40.5,7.676507439351744
48.103190215068146,79.39555483290725,38.06187684036244,60.0,50.0,19.433320636472292
71.79802897104629,91.2430770644106,44.70595471387072,60.0,50.0,20.95183275081717
47.89067873532138,86.87861897758849,31.510094932858244,60.0,60.0,34.074710594811705
9.043751284232759,63.32365010479036,35.65798562026486,60.0,30.0,17.27851739822863
30.91056527667945,45.24795298289102,32.396867946833524,7.2,60.0,73.51439972091148
41.47141792635099,85.75747478835686,38.219417888007314,50.0,75.0,63.12559121455618
78.75256702737089,84.16673666201125,35.700604119458454,30.0,75.0,11.784189368729221
16.079264629784873,45.93215769569503,32.78034197741236,7.2,75.0,207.60044125411687
54.47783616103189,63.46988010873179,31.819705605020456,30.0,50.0,9.748510785400498
10.042147667810786,72.07688715953627,28.902106421581035,22.0,75.0,159.8312746115207
58.9553385073834,84.13716570383544,44.79513249582132,7.2,75.0,272.41884773768174
47.09403655958758,58.12046268023365,43.49928820647558,22.0,40.5,16.44004586943237
52.18348576103227,90.67580489788044,35.551355271258586,30.0,30.0,38.78735275585315
60.48258408129786,98.29635099676015,19.112233280564187,120.0,75.0,28.814620781457982
11.736451509580496,50.37547656086958,39.62495371124273,60.0,50.0,23.209463067094052
38.80162164538915,64.70168562903919,28.831599915815648,60.0,40.5,12.739197117176241
16.083810010873833,79.92119213982444,34.08409591284393,120.0,60.0,26.20077012511441
36.477119262469785,79.78482253507116,30.122130115700198,22.0,75.0,109.52792835466803
32.253752824737234,91.1576541834733,29.041040787681812,50.0,60.0,72.19804293428162
53.76344166637005,90.04613332722826,24.68208681648968,60.0,50.0,32.62490727960503
22.92769573623546,46.448033160774564,24.213620846161824,120.0,60.0,7.883356922388748
54.3385429191019,74.32310683259959,31.475296176336563,120.0,30.0,5.0
62.606742891435516,74.34736554308023,26.525674561619404,120.0,75.0,5.509079552206604
65.75949762589694,93.20468326024117,30.154737558845003,7.2,75.0,306.89503637027707
76.73005845750625,86.5983938964055,23.029444871005474,22.0,50.0,20.648780797182347
9.73476202433398,68.26061860795258,19.338850143703425,60.0,30.0,21.582555765347482
52.267910928717825,72.60969736372338,18.15564854636915,7.2,75.0,198.18019330530007
58.68407722597207,69.2584624903192,16.76725983196998,7.2,60.0,63.20186931127841
40.521449078061146,62.18270761067303,42.93916936910663,22.0,30.0,23.577855672087484
9.379716804436542,33.04635115004627,43.844126535742475,22.0,40.5,36.152166173910764
44.338920699185714,50.00576090651557,37.087127901453535,30.0,40.5,5.0
57.213013614201564,65.36732404593067,16.210079625982566,7.2,60.0,51.34890589885551
33.093470520123894,78.58761383769232,19.906972420088614,7.2,60.0,324.605782367861
53.68214552280659,71.37673612852286,26.15864873213099,30.0,60.0,25.299977668814797
65.33971997937505,83.51230620071183,37.9530405051004,7.2,75.0,168.83001534403866
77.20898816210526,92.3723141144653,17.55501500131669,50.0,50.0,18.01680757216495
33.121078792899795,46.3563364519911,43.22240169232998,22.0,50.0,25.827073735515963
60.48462444933941,65.8204921935758,26.088128928412935,60.0,30.0,5.0
36.90937494758255,50.847371015576954,44.29246872821486,50.0,30.0,7.092236265362072
42.90656948947959,64.41003567942093,41.89524705334594,22.0,60.0,47.939606564489175
61.36597305785797,69.03885247466452,43.507535806006736,30.0,75.0,15.277672179480044
14.611623842234952,84.38341817502163,33.5116273831263,30.0,75.0,166.94582406045188
77.72448098770275,87.65138555977471,19.091701189285754,7.2,40.5,56.031634902988685
52.58892158046851,89.94617115570875,19.592544565242246,7.2,50.0,276.0007554172641
48.19328505630473,71.7685987035827,44.720866976975415,30.0,40.5,28.592189967189164
39.65448514209727,54.88772667661036,24.17212422043871,120.0,60.0,5.0
43.12603220102274,81.6867092609874,30.50545368923778,60.0,40.5,23.965126004553454
77.57467068563632,89.99182218761756,21.006718212219198,60.0,60.0,11.366338005836523
21.10390456571691,56.01942314510671,44.44663313169112,120.0,75.0,16.50485382258502
42.51192547119082,89.52913542074553,29.65758157667457,50.0,60.0,53.99034600790894
37.68711756651576,51.24848606366068,27.056085469477466,120.0,30.0,5.0
49.58576307938298,92.95580079152231,39.40638539994959,30.0,75.0,118.29454730062007
55.43835269730545,62.1922095676799,21.6319759514165,30.0,75.0,10.989689608855485
17.026932920292516,91.77114194210407,23.787170264500787,120.0,40.5,27.63019089029671
42.38805998930761,79.78836118537613,25.046288804386013,7.2,75.0,295.1441981818507
69.16006468370792,75.45642435460721,41.458872834956054,7.2,40.5,32.294975227878
32.13555260266176,99.63373863365045,18.335079982615238,22.0,30.0,116.50418761427993
63.51526226425711,88.78662258667032,18.50436950436368,60.0,60.0,28.122287888128106
61.22158666727322,91.80997736645575,34.567695533206326,30.0,30.0,31.905079013182792
49.51758175617818,55.9266704307542,23.33683193522249,7.2,30.0,17.83712244004383
58.716711875871276,87.52701857646704,40.45730122187401,7.2,60.0,258.6659483150736
18.973018863070543,78.64891575092571,35.05539544403465,50.0,50.0,44.643595510740894
22.736298944206567,54.17554232533814,38.80994943107404,30.0,60.0,41.59234077196453
63.639015461768295,77.3893629316491,19.329074472355597,22.0,40.5,23.37314656563718
29.386058467336266,75.9009916400536,40.02020739220158,7.2,60.0,363.2132846218847
55.278193282650406,71.27345937574687,22.66931014676888,120.0,75.0,7.0710985349555555
76.12449372771218,91.37678392104566,24.19225184800502,50.0,75.0,25.179661929242243
41.44772355978567,55.121868793733675,40.121634478256496,120.0,40.5,5.0
60.640014506494424,90.17313721368596,23.840699563181253,60.0,50.0,25.575011179068365
54.32127119947357,80.13507964200812,15.857676298191452,120.0,50.0,11.642724634595686
41.76510939172001,59.880663846689565,30.220305969666487,7.2,75.0,124.40496998716668
64.03021270429487,88.3467494245295,40.17518431530891,60.0,75.0,34.22651287825995
19.369621226331727,95.71778670130148,27.04314485996595,22.0,30.0,114.59295851710868
50.840506389364506,99.89850125017921,44.255772332145796,30.0,75.0,146.9899216427676
54.55515257185488,70.84097934532366,37.882704624347355,30.0,75.0,30.067686642565636
69.1662117826646,93.25559512680023,26.29558922089455,30.0,50.0,45.9317215026754
62.540253796676325,99.69730803895456,16.617138491954325,7.2,50.0,316.0479980205733
43.66399369357825,72.50109169353254,26.934467853667762,60.0,60.0,21.59327521555792
60.74866202414535,78.07104194208337,40.409957992718056,120.0,60.0,7.322443856485564
33.917216008274,59.88267064525927,39.500362178277705,7.2,50.0,119.05118909564432
77.553949074777,96.70458952188389,17.324341978911917,30.0,60.0,43.62699211433975
23.848471904408274,94.43276611819829,42.78184118360259,120.0,75.0,51.18672759884161
26.587575522613385,33.68265007713606,17.823239062126785,7.2,30.0,22.857262721607267
51.21513939179724,96.85519350370004,30.00186979770624,50.0,50.0,51.12933155763085
63.29671121459551,83.16954534925851,37.64905065198108,50.0,60.0,20.35874255335988
47.13847810394019,95.7692098345037,28.472931764474783,22.0,50.0,107.90740759812053
46.511371518824596,65.81193525223937,19.010107465941065,7.2,60.0,121.8383319764468
49.00750728710206,84.34718784333583,15.52807571104035,60.0,30.0,17.905774902525582
76.21962464659032,84.7003525376268,36.21155180142278,7.2,30.0,31.034224489424364
63.834610017003435,92.18075827722416,32.15211933480967,120.0,75.0,17.681380176247828
63.46162598536503,93.83572047439361,39.664346387111195,60.0,50.0,25.560002014175442
14.27960661403539,55.258775426830304,39.55015006903411,7.2,60.0,214.98140926376993
49.61189669553284,89.88882505254621,37.09169370150134,60.0,40.5,23.19411844628116
11.025270124952359,32.05179131579989,22.657680581062987,22.0,50.0,30.462500364918963
36.67354083920242,56.45045387308349,39.547118610576895,30.0,50.0,21.563417576299543
76.97741004132533,86.52341405824555,17.130829740038433,30.0,30.0,9.447293389651314
24.308674088194312,94.74505964658208,19.231080328056063,7.2,30.0,377.5564585920108
55.79911909711058,85.02673276613453,36.166895710825116,22.0,30.0,35.11432720756006
71.75054560205433,89.19824600070582,23.3187256880527,7.2,75.0,170.2510572281536
8.012586046293592,47.59145327872975,43.434150550874044,30.0,75.0,79.3270483049789
5.688124561468317,78.75457818319977,31.803154490164037,60.0,75.0,70.36084624144569
59.843874307752664,88.57951215894863,22.291723218141236,50.0,30.0,14.125955062730592
58.822129765206114,72.9424646734719,43.43553865602397,60.0,60.0,13.27814805244416
77.47338936646143,95.27435243630485,24.014370110593866,22.0,60.0,47.52947801345142
37.81053670781307,44.12951943188448,25.404221979537116,7.2,60.0,34.04163393947083
17.125800981180944,69.71965832822711,34.98783907984112,120.0,40.5,12.18998319982227
72.90548486438206,85.70899365515247,21.323007979255323,120.0,40.5,5.0
25.090573705600196,58.77686277316389,16.924735858289733,120.0,30.0,6.475563897594105
32.84643173250908,79.47908140055858,27.953452075530922,50.0,60.0,44.1722731664609
42.071398355363684,52.97346166317208,18.490206697323185,7.2,60.0,65.12714339665267
37.30850703926123,80.09344143802045,19.766015186877123,30.0,75.0,110.43777485980532
12.932884514119278,53.70997378885005,17.597141860728737,30.0,40.5,44.55995709264961
8.49810881943583,35.166970693713985,25.6121475833971,22.0,30.0,22.631164983434534
51.263738845694164,74.25842157413165,42.655035299013214,50.0,40.5,18.023901981891143
59.071648286275426,96.55381388869257,16.014649251575975,22.0,50.0,96.86844181707076
35.79530503616843,96.57480728191263,28.078034726733847,30.0,30.0,68.82148562748063
48.576217718620214,76.81316271299414,44.125422044550284,60.0,75.0,30.736660527360808
72.625185922422,87.2305798940113,39.426819842192124,22.0,40.5,23.72402357987781
15.578497518779537,72.17572206823216,20.74034288105618,120.0,75.0,27.0588966403951
45.22790177930943,74.1962015667743,30.044912866081912,50.0,50.0,21.76192531039714
24.242200242740964,94.06165510076863,29.999405282141247,120.0,40.5,25.516838918722367
31.257510365839234,56.72771231943115,22.409065439106367,50.0,30.0,9.622066125148217
77.40829901580126,84.6004303672898,29.40621623164309,22.0,75.0,22.83880727170831
9.492852575252282,33.94214676041486,22.781399856635417,50.0,50.0,16.449919614294764
63.22329897339842,70.91790018330748,40.75936401487452,22.0,60.0,18.132047422330615
29.508713447691385,39.351708286115795,41.576988716872485,50.0,30.0,5.0
5.907351627383915,36.580017401904854,15.276668207616808,60.0,50.0,19.04090110499304
60.28132686192398,97.09456348059345,18.226387858641672,22.0,60.0,127.80594903075493
43.70846375613607,62.20642266114104,34.89086641330982,30.0,50.0,20.348546256593384
40.47063976562861,48.18687260570007,37.252494148718256,60.0,60.0,5.53363833865715
63.01270771603715,98.79307729254093,22.686507964967703,50.0,75.0,57.678546165579476
77.97260337070269,99.17872810709855,15.22982600671317,60.0,75.0,32.77990972187993
41.27377843821014,99.73414940011055,35.2096299234673,7.2,50.0,468.46884904322934
52.25391516122213,93.29671400098567,41.94808948901533,120.0,60.0,25.320260766861416
19.15548842738805,55.292157718909046,18.54590431544956,22.0,50.0,60.27131123165699
34.470870422491544,97.30416232060188,28.14627843333635,50.0,50.0,72.85634314557284
39.7703241718165,66.57403766904082,42.5884047825969,50.0,75.0,32.76915466516263
22.662079679338877,39.920940016155285,17.055204167730178,7.2,40.5,74.01166990279313
26.43551945592133,52.31943660036065,35.041833804861554,30.0,60.0,35.64521839921023
17.083242888937484,68.60437935498456,25.255961158100824,30.0,60.0,64.89981910669499
22.338115339103194,40.25019144748762,44.85543977484977,60.0,50.0,11.635103529797918
31.993094562025497,66.22493044457967,23.279491010135725,60.0,60.0,21.967017640727153
23.510880886552712,98.55024666432541,39.86274221230018,60.0,30.0,38.03985388554258
78.74604519313804,88.56212524368766,22.209172485478174,60.0,40.5,5.710502106478809
51.34386926284933,68.3818840652301,16.529162064566698,7.2,75.0,138.63336665573337
58.739538216605354,88.49532339059049,31.770092102244924,22.0,30.0,38.320287010883945
46.20089253762897,80.74703731630589,36.357367677119164,120.0,40.5,10.465734374985038
76.88889561360698,86.7091650848843,23.895651611734383,60.0,50.0,7.7446559966013195
10.32032388562396,65.73502785244527,21.600377959541564,30.0,50.0,65.07491019143293
52.915880420489565,97.88568519299663,16.46234566061266,50.0,40.5,42.27576976403302
59.68750271079384,89.99062143723847,28.780356091762314,50.0,60.0,31.965716373296374
39.986822025268715,94.23073950106057,26.537513785806546,120.0,40.5,19.831211767344875
60.09656452333674,65.78760822253571,35.622459990565595,7.2,50.0,27.28291564329292
45.59759871922414,64.00387969466087,35.510175652185204,22.0,50.0,28.267510113845837
17.76609761615036,24.482284319739993,25.10949367323752,50.0,60.0,5.5188180970998655
78.91065492533242,90.6998659008902,43.511528831373525,120.0,75.0,9.781343112166535
45.01917045352258,66.81880364297436,24.95974690271126,120.0,30.0,5.0
79.3967278102364,96.14733980511214,43.859156093222126,50.0,60.0,26.32506073511381
42.10012116705075,56.3547705470952,36.99658708744231,22.0,30.0,12.943319087509972
47.274402472626136,86.94566179720609,29.456726581724535,50.0,60.0,42.58307348201723
64.48357825172688,76.21827888590549,34.45691105806996,30.0,30.0,8.774390205108649
43.45022398820016,85.86149908966597,24.790838646738507,60.0,30.0,17.745089257153236
15.505100412244428,77.43443294060151,27.95347482496488,7.2,75.0,488.7590042104312
14.383711973711414,51.878166020385585,44.90960702672585,50.0,30.0,16.259411723895887
61.377947013448626,88.41604955935621,38.03222429558127,30.0,30.0,21.818442346790732
22.57786898028543,56.29657440423061,28.493338246971096,60.0,75.0,27.48008341312031
26.47545819160924,91.91134091625065,19.851220384060685,7.2,60.0,666.560807389406
65.49099559180122,97.15624853585456,38.716610386696416,60.0,30.0,16.697579697028623
67.18635523663649,98.6484102765035,19.534019995466817,7.2,50.0,250.2064048785113
56.98424091325306,77.1870710465402,27.42405429418745,22.0,30.0,22.128203911799996
77.21790672871481,98.84572307203221,19.893851189789657,60.0,75.0,34.2601052649291
63.75667261790792,86.8949651424514,15.790587366886422,120.0,60.0,11.536632954573617
68.77691355156983,88.62575901127607,18.85654793581348,30.0,75.0,55.22829484082401
6.032352000154998,59.608166050445945,17.26804766684037,60.0,30.0,22.123747269115654
49.330303223577936,95.52923197298307,35.65059598620685,120.0,75.0,29.454797939407495
37.39027922093519,76.99232892837685,15.221955845771385,120.0,75.0,20.566105566606943
48.74903586828282,85.08104316018981,44.91705214762761,30.0,75.0,95.52186859277859
34.877096470005505,89.27337426898333,40.32168998361407,120.0,30.0,13.776908553976956
11.611598318922434,21.460886375911002,40.56398158858159,60.0,30.0,5.0
33.49288914636696,97.42368417874293,16.91414232293805,60.0,75.0,95.29690794954954
15.842064021664788,57.56716596635479,22.394867623073093,50.0,40.5,22.072205626013403
26.49776396361955,81.78630359505289,32.67419447633171,120.0,60.0,22.79117454848836
76.25740392783655,94.42856630269914,24.60516871864074,7.2,50.0,136.26264111397248
71.86799607790579,95.5757796975057,39.57096062509119,7.2,60.0,206.64992068585556
53.716493705465005,75.27799812697397,32.01928892524759,60.0,40.5,10.57689175009312
